client_id,district_id,sex,age,age_group,account_id,type,loan_id,date,amount,duration,payments,status,trans_amount,balance
2,1,M,53,50,2.0,OWNER,4959,1994-01-05,80952,24,3373.0,A,3151479.3,17466456.7
25,21,F,59,50,19.0,OWNER,4961,1996-04-29,30276,12,2523.0,B,1575515.9,4924680.2
31,68,M,36,30,25.0,OWNER,4962,1997-12-08,30276,12,2523.0,A,2958545.1,15420481.2
45,20,M,46,40,37.0,OWNER,4967,1998-10-14,318480,60,5308.0,D,948153.9,4881164.9
46,19,F,58,50,38.0,OWNER,4968,1998-04-19,110736,48,2307.0,C,571949.7,4480089.7
78,16,F,54,50,67.0,OWNER,4973,1996-05-02,165960,24,6915.0,A,4518164.0,21733248.5
116,74,M,56,50,97.0,OWNER,4986,1997-08-10,102876,12,8573.0,A,1229256.4,10909203.4
124,44,M,31,30,103.0,OWNER,4988,1997-12-06,265320,36,7370.0,D,1714751.3,8933440.3
127,21,F,48,40,105.0,OWNER,4989,1998-12-05,352704,48,7348.0,C,493759.9,1781835.2
132,36,M,45,40,110.0,OWNER,4990,1997-09-08,162576,36,4516.0,C,1429397.7,9481343.2
158,40,F,53,50,132.0,OWNER,4996,1996-11-06,88440,12,7370.0,A,2535955.1,10415421.8
210,66,M,59,50,173.0,OWNER,5002,1994-05-31,104808,12,8734.0,A,2581448.7,21412161.5
215,71,M,31,30,176.0,OWNER,5005,1997-04-10,27456,12,2288.0,A,2890719.2,13496168.6
272,70,F,54,50,226.0,OWNER,5015,1998-07-12,109344,12,9112.0,C,933119.9,6411170.2
333,38,M,27,20,276.0,OWNER,5027,1998-12-02,160920,36,4470.0,C,725928.6,3269072.4
352,56,M,58,50,290.0,OWNER,5032,1994-11-03,123696,48,2577.0,A,4172353.1,26247208.0
370,71,F,42,40,303.0,OWNER,5034,1998-05-30,112752,36,3132.0,C,976958.1,8398128.1
376,14,F,25,20,309.0,OWNER,5036,1998-11-25,91248,48,1901.0,C,832412.9,3217603.0
383,15,F,59,50,314.0,OWNER,5039,1997-05-03,66840,24,2785.0,C,2804883.3,8756222.8
389,47,F,24,20,319.0,OWNER,5041,1997-07-11,369000,60,6150.0,C,3366551.2,23939623.9
403,42,F,25,20,330.0,OWNER,5042,1998-07-12,331584,48,6908.0,C,1213686.9,5462647.9
414,46,F,51,50,339.0,OWNER,5043,1997-12-25,468060,60,7801.0,C,2782006.6,14232172.7
421,54,M,33,30,344.0,OWNER,5044,1994-12-21,100980,60,1683.0,C,1841453.6,16393543.3
424,1,M,51,50,347.0,OWNER,5045,1995-05-01,187224,24,7801.0,B,3945704.7,16668662.0
426,72,M,62,60,349.0,OWNER,5046,1998-09-09,42816,12,3568.0,C,341595.2,1824890.3
458,68,M,37,30,378.0,OWNER,5051,1997-10-11,230400,60,3840.0,C,3926899.9,23457514.8
512,60,F,33,30,426.0,OWNER,5060,1994-07-19,252060,60,4201.0,D,3107443.3,15096923.0
530,29,F,41,40,440.0,OWNER,5061,1998-03-13,84288,48,1756.0,C,817691.3,5096796.1
533,54,F,57,50,442.0,OWNER,5063,1997-07-10,357840,48,7455.0,D,804588.1,2499319.5
568,8,F,38,30,472.0,OWNER,5072,1997-04-28,196800,24,8200.0,D,2790997.8,9313286.5
603,13,F,32,30,501.0,OWNER,5082,1996-10-24,262980,60,4383.0,C,2600945.5,14754841.2
631,70,F,42,40,525.0,OWNER,5086,1997-07-16,210384,48,4383.0,C,1810521.7,8994909.8
655,32,M,56,50,544.0,OWNER,5088,1996-08-22,91152,24,3798.0,A,2191771.9,13573330.0
798,27,F,58,50,666.0,OWNER,5103,1997-11-28,12540,12,1045.0,A,1072921.3,13147243.4
810,58,F,53,50,675.0,OWNER,5110,1997-04-01,102240,60,1704.0,C,987951.7,10061854.0
861,1,F,42,40,718.0,OWNER,5117,1997-08-20,76944,12,6412.0,A,2782376.0,13691066.2
939,21,M,46,40,785.0,OWNER,5124,1998-02-12,156096,36,4336.0,C,944036.4,4738024.5
944,39,M,28,20,789.0,OWNER,5125,1995-11-23,73056,48,1522.0,C,594467.1,5266572.9
946,54,M,47,40,790.0,OWNER,5126,1994-07-24,208128,48,4336.0,B,3769490.5,18477568.4
968,69,M,41,40,808.0,OWNER,5128,1996-04-11,215616,48,4492.0,D,1387882.3,5162825.7
976,16,F,43,40,813.0,OWNER,5130,1994-05-11,24312,12,2026.0,A,1922343.1,14174092.4
980,40,M,37,30,816.0,OWNER,5131,1995-01-08,48624,24,2026.0,A,5550743.7,34729889.5
981,5,M,38,30,817.0,OWNER,5132,1995-02-17,538500,60,8975.0,C,2622704.6,11313865.9
992,19,M,50,50,825.0,OWNER,5134,1997-02-02,53076,12,4423.0,A,1206337.6,7384200.8
1020,72,F,21,20,846.0,OWNER,5136,1996-07-28,187104,24,7796.0,A,2848798.6,15154185.9
1029,1,F,44,40,854.0,OWNER,5138,1995-05-30,87216,48,1817.0,C,1414469.8,13486742.7
1051,73,F,27,20,873.0,OWNER,5140,1998-02-24,178500,60,2975.0,C,355596.8,2534312.4
1102,72,M,63,60,915.0,OWNER,5145,1995-09-16,309552,48,6449.0,C,3941740.0,16993468.7
1130,70,F,58,50,938.0,OWNER,5147,1998-05-21,22260,60,371.0,C,141869.6,1928245.9
1133,37,F,40,40,940.0,OWNER,5148,1996-05-29,284280,60,4738.0,C,4031929.6,21619894.2
1157,4,F,40,40,960.0,OWNER,5151,1995-05-24,189060,60,3151.0,C,4387308.1,20452369.0
1197,6,F,32,30,993.0,OWNER,5154,1998-07-01,108720,60,1812.0,C,1188250.9,5687907.2
1208,70,F,23,20,1004.0,OWNER,5158,1998-04-11,188532,36,5237.0,C,3070249.2,13521687.4
1215,45,M,54,50,1011.0,OWNER,5160,1995-12-18,204000,60,3400.0,C,2172101.1,18473547.8
1216,65,F,53,50,1012.0,OWNER,5161,1994-10-28,98184,24,4091.0,A,3092181.0,16354911.1
1282,52,M,62,60,1068.0,OWNER,5169,1998-09-24,253200,60,4220.0,C,867300.1,5506632.7
1286,52,F,48,40,1071.0,OWNER,5170,1994-01-20,253200,60,4220.0,C,3758208.8,18544642.8
1300,45,M,19,10,1083.0,OWNER,5172,1998-04-16,50976,36,1416.0,C,672476.8,5079219.1
1311,54,F,42,40,1093.0,OWNER,5174,1997-06-13,385104,48,8023.0,C,3633392.0,11585521.9
1327,20,F,35,30,1106.0,OWNER,5176,1994-11-12,192552,24,8023.0,B,3544923.1,14174852.7
1404,11,F,30,30,1166.0,OWNER,5189,1994-02-07,149040,48,3105.0,A,2752879.3,16628566.2
1499,74,F,47,40,1242.0,OWNER,5206,1997-09-07,128544,24,5356.0,C,1753234.7,11774206.4
1501,68,M,52,50,1244.0,OWNER,5207,1997-02-28,35904,48,748.0,C,386647.5,4321522.9
1505,65,F,27,20,1247.0,OWNER,5208,1995-03-16,99696,48,2077.0,D,4873625.0,23544264.5
1509,62,F,56,50,1250.0,OWNER,5209,1996-11-25,182640,48,3805.0,C,1636313.9,6032463.8
1511,13,F,36,30,1252.0,OWNER,5210,1997-04-01,148140,36,4115.0,C,2160295.2,10305841.8
1516,38,F,52,50,1256.0,OWNER,5212,1995-05-29,71064,36,1974.0,A,1860759.9,13337139.1
1533,55,M,38,30,1270.0,OWNER,5214,1997-07-01,74772,36,2077.0,C,842845.0,4221868.5
1554,55,M,54,50,1284.0,OWNER,5221,1998-12-05,52512,12,4376.0,C,1097769.3,5324011.0
1594,56,M,59,50,1318.0,OWNER,5226,1998-10-11,185544,36,5154.0,C,378125.6,1294911.0
1608,53,M,57,50,1329.0,OWNER,5229,1997-09-06,23520,12,1960.0,A,711363.6,3807858.2
1662,53,M,31,30,1374.0,OWNER,5236,1997-09-15,389136,48,8107.0,C,2851976.2,9236395.0
1663,19,M,41,40,1375.0,OWNER,5237,1995-08-29,45336,24,1889.0,A,2428507.9,18368186.6
1681,34,M,58,50,1389.0,OWNER,5241,1998-09-02,125472,24,5228.0,C,1335993.8,6161932.7
1705,19,F,53,50,1407.0,OWNER,5245,1998-01-17,125472,24,5228.0,C,2589201.9,14081565.4
1755,65,F,33,30,1447.0,OWNER,5253,1997-06-03,100080,48,2085.0,C,608124.7,3729661.8
1793,41,F,53,50,1480.0,OWNER,5260,1998-01-19,123300,36,3425.0,C,2083468.6,8806297.2
1816,62,M,47,40,1498.0,OWNER,5265,1998-10-07,165780,60,2763.0,C,1258372.5,6087983.6
1851,31,F,23,20,1527.0,OWNER,5269,1994-11-19,164052,36,4557.0,B,3678761.3,14127114.9
1852,50,M,36,30,1528.0,OWNER,5270,1997-07-21,191088,48,3981.0,C,1201802.5,6343252.6
1913,69,M,30,30,1580.0,OWNER,5281,1997-11-27,194256,24,8094.0,C,2358454.6,10118374.3
1917,69,F,29,20,1583.0,OWNER,5282,1996-08-24,388512,48,8094.0,D,3824773.6,12953613.8
1944,31,F,41,40,1603.0,OWNER,5285,1994-02-06,78936,12,6578.0,A,1626580.4,15427757.1
1985,6,M,61,60,1638.0,OWNER,5287,1998-01-26,64224,24,2676.0,C,751561.2,4481811.3
2008,47,M,58,50,1656.0,OWNER,5293,1998-10-29,189792,48,3954.0,C,1180861.2,5073074.5
2063,68,F,48,40,1698.0,OWNER,5301,1996-07-06,141948,36,3943.0,C,1354822.1,9940395.3
2083,71,M,55,50,1718.0,OWNER,5304,1998-08-20,172272,24,7178.0,C,1345645.9,5260043.2
2136,28,F,58,50,1762.0,OWNER,5310,1995-04-28,248148,36,6893.0,A,2516425.2,14883785.9
2141,28,M,47,40,1766.0,OWNER,5311,1996-06-15,30060,60,501.0,C,2192293.7,13887602.2
2148,31,F,45,40,1772.0,OWNER,5312,1996-03-13,202788,36,5633.0,C,4837986.3,22382440.7
2153,36,F,49,40,1776.0,OWNER,5313,1998-05-27,43200,24,1800.0,C,481558.1,4076930.6
2166,30,F,51,50,1787.0,OWNER,5314,1993-07-05,96396,12,8033.0,B,4108891.9,17838608.3
2181,46,M,30,30,1801.0,OWNER,5316,1993-07-11,165960,36,4610.0,A,4751818.5,27535353.5
2190,28,M,24,20,1808.0,OWNER,5318,1998-09-30,385584,48,8033.0,C,1226566.0,7039020.7
2195,68,F,56,50,1811.0,OWNER,5319,1994-06-23,239460,60,3991.0,C,3371901.1,16501985.3
2205,55,M,46,40,1819.0,OWNER,5320,1998-01-11,143676,36,3991.0,C,1577246.2,9399177.8
2235,14,F,58,50,1843.0,OWNER,5325,1993-08-03,105804,36,2939.0,A,2764436.9,16479243.5
2259,19,F,48,40,1862.0,OWNER,5329,1996-10-16,396120,60,6602.0,C,3798555.1,16422955.5
2267,1,F,32,30,1869.0,OWNER,5332,1998-01-29,37944,36,1054.0,C,1528085.4,11462473.9
2277,1,M,19,10,1876.0,OWNER,5334,1998-09-10,209040,24,8710.0,C,590493.2,4228178.1
2288,32,F,41,40,1886.0,OWNER,5337,1996-07-31,162468,36,4513.0,C,1966167.6,6405886.6
2291,6,M,41,40,1888.0,OWNER,5338,1997-08-30,57360,12,4780.0,B,1674910.2,6875015.5
2316,1,M,28,20,1906.0,OWNER,5343,1997-10-08,44952,24,1873.0,C,1763953.1,10784425.8
2342,70,M,50,50,1928.0,OWNER,5346,1998-12-06,55632,24,2318.0,C,735241.4,3582033.2
2392,26,M,43,40,1967.0,OWNER,5350,1996-04-21,249312,48,5194.0,C,3681216.5,13769918.0
2403,1,F,35,30,1978.0,OWNER,5351,1994-12-04,205200,36,5700.0,A,4863125.9,31734178.1
2422,68,F,22,20,1993.0,OWNER,5352,1995-04-15,68400,12,5700.0,B,2170199.8,8130028.4
2430,5,M,61,60,2000.0,OWNER,5354,1998-07-14,290820,60,4847.0,C,657152.0,6254657.6
2451,42,M,59,50,2018.0,OWNER,5358,1997-01-21,38520,12,3210.0,A,568040.5,4337607.1
2470,53,M,55,50,2035.0,OWNER,5360,1998-01-25,176328,36,4898.0,C,1959683.5,14236539.5
2489,64,F,23,20,2051.0,OWNER,5363,1997-04-22,293880,60,4898.0,D,2893258.8,12363801.4
2494,37,M,27,20,2055.0,OWNER,5365,1998-07-19,271260,60,4521.0,C,460542.4,1321930.5
2501,70,F,58,50,2062.0,OWNER,5366,1996-10-29,86184,12,7182.0,A,3174046.1,12776446.0
2503,54,F,21,20,2064.0,OWNER,5367,1997-08-26,83628,36,2323.0,C,701742.5,3410470.8
2514,59,M,41,40,2073.0,OWNER,5368,1998-10-05,44640,24,1860.0,C,576532.9,3372239.6
2522,74,M,61,60,2080.0,OWNER,5369,1997-09-12,214596,36,5961.0,C,2093476.2,8165095.3
2550,1,F,22,20,2106.0,OWNER,5375,1996-10-03,101520,12,8460.0,A,926451.8,4142427.0
2560,70,F,24,20,2116.0,OWNER,5377,1997-08-04,92400,12,7700.0,A,1641811.4,9452946.9
2581,52,F,45,40,2134.0,OWNER,5382,1997-03-17,22932,36,637.0,C,762193.3,8230809.7
2590,42,F,34,30,2142.0,OWNER,5384,1998-03-07,23328,12,1944.0,C,647475.3,3431774.4
2592,1,F,18,10,2143.0,OWNER,5385,1996-09-09,71460,36,1985.0,C,1711435.0,7742109.2
2606,31,M,55,50,2153.0,OWNER,5388,1996-11-28,61560,12,5130.0,A,2347123.1,9168716.5
2621,51,M,42,40,2165.0,OWNER,5389,1997-08-22,78600,24,3275.0,C,925404.4,3722462.5
2623,16,F,33,30,2167.0,OWNER,5390,1994-10-30,170256,24,7094.0,A,3352120.3,22883011.0
2635,67,F,32,30,2176.0,OWNER,5395,1994-07-30,299088,36,8308.0,B,4076265.9,16419094.5
2647,9,M,58,50,2187.0,OWNER,5398,1997-11-04,53472,12,4456.0,A,3016412.4,14590549.7
2686,19,F,47,40,2218.0,OWNER,5409,1995-11-18,182040,60,3034.0,C,4380618.1,21211756.9
2698,31,F,28,20,2227.0,OWNER,5413,1995-12-12,92976,24,3874.0,A,5462143.7,26348301.1
2700,34,M,53,50,2228.0,OWNER,5414,1995-03-29,185952,48,3874.0,C,3214869.2,16619896.5
2708,73,M,40,40,2236.0,OWNER,5415,1996-09-26,139464,36,3874.0,D,1307127.2,3888280.8
2719,29,F,34,30,2245.0,OWNER,5418,1995-01-16,347952,48,7249.0,C,4887049.7,26729661.5
2720,1,F,49,40,2246.0,OWNER,5419,1997-02-05,415800,60,6930.0,C,2448279.9,8716061.9
2721,24,F,48,40,2247.0,OWNER,5420,1997-02-24,72504,24,3021.0,C,1614459.0,12194909.3
2739,13,M,48,40,2262.0,OWNER,5428,1998-12-02,230220,36,6395.0,C,2552456.5,10722125.3
2746,1,M,27,20,2268.0,OWNER,5429,1996-07-18,20196,36,561.0,C,2311198.0,15807368.2
2759,2,M,24,20,2279.0,OWNER,5435,1998-06-01,314688,48,6556.0,C,2172713.9,8333477.9
2809,33,M,19,10,2322.0,OWNER,5445,1996-06-29,46320,24,1930.0,A,3132777.2,20932281.1
2822,50,M,40,40,2334.0,OWNER,5446,1997-08-04,48312,24,2013.0,C,1163644.9,6997559.5
2823,70,F,52,50,2335.0,OWNER,5447,1997-11-12,541200,60,9020.0,D,1033905.6,2201190.9
2831,68,F,18,10,2343.0,OWNER,5449,1995-11-04,99336,24,4139.0,A,1261085.0,11848563.3
2834,52,M,49,40,2345.0,OWNER,5450,1994-12-11,199680,60,3328.0,C,2684995.8,13135026.2
2841,18,F,25,20,2350.0,OWNER,5451,1997-05-11,159744,48,3328.0,C,2190575.6,10309736.8
2843,70,F,32,30,2352.0,OWNER,5452,1996-04-29,49440,60,824.0,C,2037010.8,21245516.3
2853,28,F,42,40,2361.0,OWNER,5453,1995-04-01,156672,36,4352.0,A,1193211.4,7240009.5
2915,33,F,44,40,2413.0,OWNER,5463,1998-10-06,17952,12,1496.0,C,463341.5,2409225.2
2922,43,M,58,50,2419.0,OWNER,5464,1995-01-30,95808,12,7984.0,A,6025956.8,27883782.8
2952,52,F,20,20,2445.0,OWNER,5469,1997-12-26,293160,60,4886.0,C,2592316.4,10474280.4
2966,65,M,43,40,2456.0,OWNER,5470,1996-04-15,200976,48,4187.0,C,2308608.7,10852185.9
3001,1,M,40,40,2486.0,OWNER,5479,1994-01-10,24516,12,2043.0,A,6910402.4,29842848.4
3013,51,F,48,40,2496.0,OWNER,5482,1996-01-12,165120,60,2752.0,C,1005186.8,6810582.3
3038,6,F,52,50,2516.0,OWNER,5486,1997-06-13,466608,48,9721.0,C,1377431.3,9129741.1
3072,1,M,62,60,2545.0,OWNER,5491,1998-02-13,428784,48,8933.0,C,699659.8,3739246.5
3103,64,F,25,20,2572.0,OWNER,5494,1996-06-13,360000,48,7500.0,C,5248307.6,22517468.9
3113,60,F,27,20,2580.0,OWNER,5495,1996-08-02,89340,60,1489.0,C,1026321.0,13319034.7
3163,1,F,34,30,2622.0,OWNER,5501,1998-05-21,136344,24,5681.0,C,862198.6,6099757.8
3251,52,F,36,30,2694.0,OWNER,5519,1994-03-08,91632,12,7636.0,A,2746040.1,22665202.9
3257,73,F,20,20,2699.0,OWNER,5520,1998-08-30,231168,48,4816.0,C,2293691.6,10007972.9
3264,63,F,48,40,2705.0,OWNER,5523,1993-12-08,93888,36,2608.0,A,2734057.8,14952604.4
3284,2,M,62,60,2720.0,OWNER,5525,1998-04-27,93888,36,2608.0,C,2073922.5,10634983.7
3291,52,M,51,50,2725.0,OWNER,5526,1998-11-08,69624,36,1934.0,C,879542.9,8151339.4
3294,52,M,41,40,2728.0,OWNER,5527,1998-06-15,156420,60,2607.0,C,1053220.3,5300372.4
3324,26,F,27,20,2753.0,OWNER,5531,1997-09-30,66432,24,2768.0,C,1610386.3,6973351.4
3326,57,F,46,40,2754.0,OWNER,5532,1997-05-04,335280,48,6985.0,C,3122189.8,9689960.3
3335,11,M,31,30,2762.0,OWNER,5533,1994-07-05,111384,24,4641.0,A,7399357.6,38651987.2
3414,11,F,51,50,2824.0,OWNER,5549,1994-07-16,50460,60,841.0,C,2045520.2,23378590.5
3471,1,F,46,40,2872.0,OWNER,5556,1997-05-19,268320,60,4472.0,C,749676.7,3285308.4
3517,68,F,45,40,2910.0,OWNER,5561,1998-08-29,437460,60,7291.0,C,1320835.1,3794149.8
3519,74,M,49,40,2912.0,OWNER,5563,1996-02-29,380160,60,6336.0,C,5610280.7,25086618.9
3542,10,M,59,50,2933.0,OWNER,5568,1994-05-17,272520,60,4542.0,C,5018901.5,24740235.7
3546,3,M,27,20,2936.0,OWNER,5569,1998-01-20,504000,60,8400.0,C,859679.1,5372654.1
3576,1,F,59,50,2962.0,OWNER,5576,1994-12-21,31248,12,2604.0,A,4846354.8,25499145.0
3601,19,M,60,60,2982.0,OWNER,5582,1998-04-17,41256,12,3438.0,C,3303860.4,20245549.3
3606,63,M,40,40,2986.0,OWNER,5584,1997-12-06,24792,24,1033.0,C,1569328.8,12132872.6
3608,66,M,51,50,2988.0,OWNER,5585,1998-07-08,88608,12,7384.0,C,2117215.8,9111911.5
3616,77,F,34,30,2994.0,OWNER,5586,1996-09-14,48744,36,1354.0,C,1328154.7,10660405.4
3629,42,M,51,50,3005.0,OWNER,5589,1998-06-05,390000,48,8125.0,C,1120284.3,4530048.1
3649,10,F,39,30,3021.0,OWNER,5591,1996-12-04,155616,48,3242.0,C,1366951.3,5637834.1
3670,44,F,18,10,3037.0,OWNER,5593,1996-04-18,277884,36,7719.0,D,2323553.6,8959662.1
3687,49,M,26,20,3050.0,OWNER,5595,1994-09-02,82896,12,6908.0,A,6079276.8,34715543.9
3705,1,F,33,30,3064.0,OWNER,5599,1995-03-21,15420,12,1285.0,A,1505693.3,17666977.7
3730,59,F,53,50,3084.0,OWNER,5606,1996-08-28,253512,36,7042.0,D,1643052.1,6279946.7
3763,38,F,21,20,3112.0,OWNER,5610,1996-02-24,123216,48,2567.0,C,4823288.0,32215573.2
3767,14,M,62,60,3115.0,OWNER,5611,1996-11-15,321180,60,5353.0,C,2306532.6,7461470.4
3793,39,F,47,40,3137.0,OWNER,5614,1998-09-21,253560,60,4226.0,C,1281130.2,5101838.8
3800,38,F,44,40,3143.0,OWNER,5616,1998-05-15,130896,24,5454.0,C,579366.3,5942621.5
3822,48,M,45,40,3161.0,OWNER,5620,1998-06-16,30012,12,2501.0,C,1551426.3,7315039.6
3829,59,M,26,20,3166.0,OWNER,5624,1995-01-03,177744,48,3703.0,D,4153098.9,21885284.1
3855,29,M,59,50,3189.0,OWNER,5625,1996-12-15,222180,60,3703.0,D,1452144.3,6728422.6
3906,64,M,62,60,3229.0,OWNER,5634,1997-05-01,39024,12,3252.0,A,2461455.6,14828961.0
3907,1,F,44,40,3230.0,OWNER,5635,1996-10-04,77184,36,2144.0,C,3112670.2,12421454.6
3929,74,M,42,40,3249.0,OWNER,5638,1997-08-27,68124,12,5677.0,A,1150134.0,6075188.9
3962,74,M,46,40,3273.0,OWNER,5643,1997-09-21,94512,12,7876.0,B,3915480.2,8994584.2
3984,1,F,34,30,3293.0,OWNER,5644,1998-11-27,276084,36,7669.0,C,1653969.1,9165349.3
4024,3,M,34,30,3329.0,OWNER,5651,1997-12-08,19248,12,1604.0,A,1075420.3,5956556.2
4055,74,F,46,40,3353.0,OWNER,5656,1997-02-09,146064,24,6086.0,C,1974671.0,9986888.0
4056,63,F,46,40,3354.0,OWNER,5657,1994-07-05,4980,12,415.0,A,1453534.7,13466345.4
4099,12,F,53,50,3390.0,OWNER,5665,1998-03-11,40632,12,3386.0,C,1020353.0,11072715.0
4114,63,M,34,30,3403.0,OWNER,5669,1998-06-27,71820,36,1995.0,C,1403540.2,7491078.7
4132,42,M,36,30,3418.0,OWNER,5674,1997-06-10,207264,48,4318.0,C,2240813.5,9315299.0
4169,58,F,18,10,3448.0,OWNER,5681,1997-10-20,68664,24,2861.0,C,1309039.9,5620513.1
4177,34,M,63,60,3455.0,OWNER,5682,1997-03-07,67464,12,5622.0,A,2344785.9,10007968.0
4182,16,M,57,50,3460.0,OWNER,5683,1998-05-29,140688,48,2931.0,C,1035997.8,5501557.5
4217,9,F,47,40,3489.0,OWNER,5693,1995-08-01,44088,24,1837.0,A,1666436.8,12964906.4
4291,58,F,47,40,3556.0,OWNER,5698,1998-09-22,174840,60,2914.0,C,631359.7,3897658.1
4299,50,F,21,20,3562.0,OWNER,5699,1998-05-24,174960,24,7290.0,C,2537116.6,13074465.2
4352,72,M,27,20,3608.0,OWNER,5706,1996-05-24,161496,36,4486.0,C,2604070.7,15800254.0
4377,48,M,20,20,3629.0,OWNER,5713,1995-05-30,158760,60,2646.0,C,2303440.2,12126712.0
4386,53,F,53,50,3637.0,OWNER,5718,1997-09-01,14028,12,1169.0,A,1286843.7,16085525.6
4417,1,M,22,20,3664.0,OWNER,5719,1997-09-20,271584,48,5658.0,C,2457856.4,13141050.4
4428,38,M,44,40,3674.0,OWNER,5723,1994-09-10,23628,12,1969.0,A,6941710.4,38684290.0
4433,1,M,30,30,3678.0,OWNER,5724,1995-02-05,316140,60,5269.0,D,1600794.8,3986552.5
4434,64,M,34,30,3679.0,OWNER,5725,1996-07-23,444864,48,9268.0,C,1660409.3,9832356.0
4474,3,F,34,30,3711.0,OWNER,5731,1997-11-05,460980,60,7683.0,D,768064.3,2459272.5
4520,1,F,41,40,3747.0,OWNER,5739,1995-01-02,76380,12,6365.0,A,1281871.1,7514273.2
4527,1,F,35,30,3752.0,OWNER,5740,1995-04-02,18564,12,1547.0,A,1761164.8,17404424.3
4529,37,M,22,20,3754.0,OWNER,5741,1996-11-03,68544,24,2856.0,A,2136510.0,15563265.4
4584,7,F,49,40,3804.0,OWNER,5750,1996-02-08,63252,12,5271.0,A,3920229.9,20577846.9
4620,54,F,59,50,3834.0,OWNER,5754,1994-09-28,23052,12,1921.0,A,2216813.5,16046255.2
4652,53,M,36,30,3859.0,OWNER,5758,1997-05-02,307200,60,5120.0,D,1797724.2,5478756.9
4656,1,M,56,50,3862.0,OWNER,5760,1998-09-18,74916,36,2081.0,C,2597879.8,12048503.8
4672,44,M,49,40,3875.0,OWNER,5765,1998-02-10,153936,24,6414.0,C,1142986.5,4304294.0
4710,52,F,37,30,3906.0,OWNER,5772,1998-03-08,334620,60,5577.0,C,1242219.8,6229565.4
4712,37,F,38,30,3907.0,OWNER,5773,1998-03-16,133848,24,5577.0,C,1863653.8,7751477.6
4722,8,M,26,20,3916.0,OWNER,5774,1998-07-12,96984,36,2694.0,C,535178.2,1784682.2
4754,27,F,59,50,3942.0,OWNER,5779,1997-10-14,107352,36,2982.0,C,2442734.6,11412607.8
4768,1,F,38,30,3953.0,OWNER,5782,1998-01-04,63576,12,5298.0,C,1265791.8,7284458.7
4786,54,M,60,60,3967.0,OWNER,5784,1997-03-29,84600,36,2350.0,D,2395968.3,10789368.6
4861,57,F,21,20,4033.0,OWNER,5790,1997-03-20,84288,48,1756.0,C,648745.1,5554099.0
4882,36,M,20,20,4052.0,OWNER,5799,1997-12-28,106128,36,2948.0,C,1023568.9,5781432.0
4916,52,M,59,50,4079.0,OWNER,5804,1995-04-05,158976,48,3312.0,C,4943003.7,29968227.0
4918,11,M,30,30,4081.0,OWNER,5805,1995-11-28,137904,24,5746.0,B,1078087.5,2188003.2
4937,54,F,38,30,4099.0,OWNER,5808,1997-07-31,41856,48,872.0,C,1193199.2,10636993.6
4956,6,M,52,50,4116.0,OWNER,5815,1998-06-03,151200,36,4200.0,C,1399307.5,4945094.5
4968,50,M,60,60,4127.0,OWNER,5817,1997-08-15,100800,24,4200.0,D,576619.3,2509902.5
4993,1,F,25,20,4144.0,OWNER,5823,1998-06-21,212976,36,5916.0,C,2022833.0,8847536.7
5050,62,M,47,40,4190.0,OWNER,5830,1997-08-28,405780,60,6763.0,C,1114248.9,10110628.1
5133,66,F,39,30,4259.0,OWNER,5836,1994-08-27,79632,24,3318.0,A,5438813.6,25604028.4
5134,58,F,31,30,4260.0,OWNER,5837,1994-06-29,244560,60,4076.0,C,3269041.8,11169195.7
5143,77,M,25,20,4268.0,OWNER,5841,1998-11-04,41988,12,3499.0,C,628933.0,5492954.9
5171,64,F,42,40,4293.0,OWNER,5850,1997-05-22,164196,36,4561.0,C,2699565.9,11680806.2
5203,61,F,53,50,4320.0,OWNER,5856,1997-08-09,51360,12,4280.0,B,2877718.4,9297126.8
5224,29,M,49,40,4337.0,OWNER,5861,1994-12-08,51408,24,2142.0,A,5075329.5,25915983.4
5232,74,F,50,50,4342.0,OWNER,5862,1997-12-09,100128,24,4172.0,C,2553947.7,16891003.7
5245,38,F,56,50,4354.0,OWNER,5865,1998-10-30,327660,60,5461.0,C,1632096.7,7286605.0
5253,69,F,52,50,4361.0,OWNER,5868,1997-03-29,90156,12,7513.0,A,3330548.5,15830895.6
5318,74,M,30,30,4413.0,OWNER,5876,1995-02-08,221280,48,4610.0,C,4279384.7,14638509.8
5320,17,F,47,40,4414.0,OWNER,5877,1995-02-23,97224,24,4051.0,A,1793660.2,16287002.4
5322,73,F,42,40,4415.0,OWNER,5878,1997-04-01,74040,12,6170.0,A,2209081.1,19544780.2
5333,39,F,31,30,4423.0,OWNER,5880,1995-10-31,73836,36,2051.0,A,2712538.2,14530841.6
5337,1,M,37,30,4427.0,OWNER,5882,1994-09-26,87816,12,7318.0,A,1617538.9,6971075.8
5364,62,M,34,30,4447.0,OWNER,5886,1996-10-31,192744,36,5354.0,C,1953573.4,8910765.5
5366,60,F,27,20,4448.0,OWNER,5887,1994-10-03,192744,36,5354.0,A,4689696.8,28960868.4
5376,14,M,28,20,4456.0,OWNER,5889,1998-02-09,321240,60,5354.0,C,2207213.3,13610678.0
5384,73,M,63,60,4462.0,OWNER,5892,1996-05-14,66480,24,2770.0,B,1940836.7,6280754.2
5389,17,M,30,30,4467.0,OWNER,5893,1998-08-03,86184,36,2394.0,C,647627.1,3267779.3
5395,45,M,37,30,4473.0,OWNER,5895,1997-01-03,93960,60,1566.0,C,1987125.9,15685312.5
5399,24,F,26,20,4476.0,OWNER,5897,1996-09-25,15192,24,633.0,A,1539398.5,11150261.5
5433,50,M,23,20,4503.0,OWNER,5900,1996-01-01,135360,48,2820.0,C,3892353.6,17031801.5
5468,68,F,54,50,4533.0,OWNER,5906,1998-05-05,81144,36,2254.0,C,1820240.5,7501180.9
5487,56,F,51,50,4550.0,OWNER,5909,1998-01-03,61320,60,1022.0,C,427744.4,4294208.5
5517,57,M,34,30,4576.0,OWNER,5918,1994-06-04,300204,36,8339.0,A,2752835.2,14609710.9
5521,9,F,25,20,4580.0,OWNER,5922,1995-08-05,20220,12,1685.0,A,3929811.2,18446920.1
5526,27,M,51,50,4585.0,OWNER,5923,1996-10-10,64656,48,1347.0,C,870511.0,7517020.7
5563,1,M,23,20,4616.0,OWNER,5930,1998-01-12,66696,24,2779.0,C,1739616.7,9373858.1
5565,3,F,32,30,4618.0,OWNER,5931,1997-03-17,66696,24,2779.0,D,1395558.1,4244373.0
5574,9,F,28,20,4626.0,OWNER,5932,1997-06-18,33348,12,2779.0,A,2076377.6,7620623.7
5579,77,M,47,40,4631.0,OWNER,5933,1997-12-13,87528,24,3647.0,C,1106022.5,7752234.3
5606,4,M,18,10,4650.0,OWNER,5938,1996-08-25,402000,60,6700.0,C,832243.2,6548723.9
5618,63,F,45,40,4660.0,OWNER,5940,1997-05-28,106944,24,4456.0,C,1614548.8,7521664.3
5642,70,F,41,40,4681.0,OWNER,5942,1997-03-15,162624,48,3388.0,C,1800567.7,10671832.1
5684,8,F,43,40,4715.0,OWNER,5953,1997-03-14,97176,24,4049.0,C,2592791.3,8961970.8
5699,73,M,48,40,4725.0,OWNER,5956,1997-11-04,168264,36,4674.0,C,1205352.6,2967126.5
5701,2,F,39,30,4727.0,OWNER,5959,1995-08-11,107640,24,4485.0,A,3606060.0,20290712.4
5727,54,M,45,40,4746.0,OWNER,5963,1997-09-07,204780,60,3413.0,C,2399345.8,9977591.1
5760,66,M,50,50,4774.0,OWNER,5970,1995-07-09,465072,48,9689.0,C,2980939.8,16813132.9
5774,46,F,38,30,4784.0,OWNER,5973,1997-11-24,219456,48,4572.0,C,1023434.4,5343338.1
5788,72,M,36,30,4794.0,OWNER,5976,1997-12-27,465504,48,9698.0,D,884751.2,3684627.5
5801,26,F,19,10,4803.0,OWNER,5977,1997-02-25,59136,48,1232.0,C,375719.6,4409636.5
5826,15,M,30,30,4825.0,OWNER,5980,1995-08-18,21396,12,1783.0,A,1350457.5,8954137.3
5858,52,M,46,40,4851.0,OWNER,5988,1996-08-22,141648,24,5902.0,A,2820972.8,11103362.9
5860,47,M,34,30,4852.0,OWNER,5989,1996-03-04,213300,36,5925.0,C,1007201.4,6670255.0
5866,67,F,20,20,4858.0,OWNER,5991,1998-07-27,335184,48,6983.0,D,1611314.5,4198390.2
5873,5,F,19,10,4863.0,OWNER,5992,1997-03-18,76080,12,6340.0,A,2711482.8,15883698.0
5911,14,M,63,60,4894.0,OWNER,5997,1993-11-04,117024,24,4876.0,A,4237685.8,25942461.9
5928,42,F,28,20,4907.0,OWNER,5999,1996-01-03,98832,48,2059.0,C,1952986.3,13088226.7
5965,50,M,47,40,4937.0,OWNER,6004,1994-07-23,143904,24,5996.0,A,5179029.4,31763744.8
5977,43,M,19,10,4948.0,OWNER,6006,1996-11-15,359760,60,5996.0,C,2101579.2,10179403.1
5978,33,F,54,50,4949.0,OWNER,6007,1997-08-30,289920,48,6040.0,C,2069950.6,10007992.7
6001,60,M,62,60,4969.0,OWNER,6010,1997-03-06,150180,60,2503.0,C,2797848.4,13238916.8
6015,54,M,25,20,4981.0,OWNER,6011,1996-11-28,179328,48,3736.0,C,1773146.5,8137085.1
6033,1,M,32,30,4994.0,OWNER,6012,1996-08-03,258444,36,7179.0,C,2100329.3,11580615.5
6034,20,M,59,50,4995.0,OWNER,6013,1996-02-03,128988,36,3583.0,D,3096660.1,13431391.6
6039,1,F,40,40,4999.0,OWNER,6014,1997-05-18,165168,36,4588.0,C,2181055.9,11863837.3
6042,53,M,35,30,5001.0,OWNER,6015,1996-11-09,110112,24,4588.0,A,3100306.0,13841191.3
6077,54,F,18,10,5033.0,OWNER,6019,1996-07-25,11400,12,950.0,A,659421.0,9033776.1
6115,13,F,45,40,5066.0,OWNER,6027,1996-02-10,61656,24,2569.0,B,2387805.4,14546006.3
6122,6,F,30,30,5072.0,OWNER,6028,1997-02-09,317520,60,5292.0,C,1701827.3,14247289.8
6175,72,M,34,30,5118.0,OWNER,6037,1997-05-04,53232,48,1109.0,C,793071.5,10619161.0
6178,1,F,58,50,5120.0,OWNER,6038,1994-08-10,323472,48,6739.0,A,4469648.8,22069917.1
6185,58,F,50,50,5126.0,OWNER,6043,1996-01-11,20352,48,424.0,C,856016.0,7391909.1
6196,68,M,55,50,5133.0,OWNER,6044,1998-01-27,57060,12,4755.0,C,1893311.3,9945206.0
6235,5,M,58,50,5164.0,OWNER,6052,1998-03-23,22356,36,621.0,C,288358.6,2354002.9
6255,54,F,53,50,5180.0,OWNER,6054,1998-07-16,58764,12,4897.0,C,885233.0,3346330.2
6257,75,F,56,50,5181.0,OWNER,6055,1997-04-28,399120,60,6652.0,C,1021982.3,6076535.8
6275,13,M,42,40,5196.0,OWNER,6059,1997-12-28,79824,12,6652.0,A,1697424.3,7696854.899999999
6299,1,M,62,60,5213.0,OWNER,6063,1996-04-25,320976,48,6687.0,D,4033301.6,14208848.5
6301,55,F,49,40,5215.0,OWNER,6064,1994-08-04,14628,12,1219.0,A,2226418.5,28443603.3
6317,77,F,41,40,5228.0,OWNER,6066,1994-07-11,173808,24,7242.0,A,7117524.8,29097639.3
6349,72,M,26,20,5256.0,OWNER,6072,1994-05-10,193968,36,5388.0,A,3642021.2,21537437.4
6359,64,M,22,20,5263.0,OWNER,6073,1996-11-12,276300,60,4605.0,C,968525.3,9890080.7
6363,4,F,25,20,5267.0,OWNER,6075,1997-11-26,129312,24,5388.0,D,2867844.9,10193274.3
6366,49,M,32,30,5269.0,OWNER,6076,1997-02-02,117420,60,1957.0,C,1293856.5,6428371.6
6367,44,M,28,20,5270.0,OWNER,6077,1993-11-22,79608,24,3317.0,A,6937453.1,30387309.7
6383,15,M,28,20,5283.0,OWNER,6078,1998-09-09,170832,48,3559.0,C,1445567.6,6561734.8
6408,47,M,42,40,5305.0,OWNER,6083,1998-03-31,240528,48,5011.0,C,1746067.3,5824276.9
6417,40,M,48,40,5313.0,OWNER,6087,1994-02-27,300660,60,5011.0,C,4957008.3,29513499.0
6422,28,M,38,30,5317.0,OWNER,6088,1997-03-07,90180,36,2505.0,C,854326.4,4462714.1
6469,4,M,45,40,5358.0,OWNER,6095,1997-01-24,68340,60,1139.0,C,2242945.9,13396810.5
6473,76,F,58,50,5362.0,OWNER,6097,1997-08-21,202848,48,4226.0,C,1566473.1,5714937.3
6499,44,M,36,30,5385.0,OWNER,6103,1994-04-07,149340,60,2489.0,C,2346763.1,14953668.1
6511,47,M,45,40,5395.0,OWNER,6104,1997-09-05,158184,36,4394.0,C,1779318.2,10315243.1
6544,66,M,24,20,5422.0,OWNER,6109,1996-06-03,368880,60,6148.0,C,4686627.2,24200059.8
6551,24,F,50,50,5428.0,OWNER,6111,1993-09-24,174744,24,7281.0,B,4661952.6,20611018.8
6567,5,F,20,20,5442.0,OWNER,6112,1994-06-17,174744,24,7281.0,B,4338747.4,16187238.5
6571,72,F,27,20,5445.0,OWNER,6113,1997-10-01,78696,36,2186.0,C,652544.6,7265353.3
6610,57,M,44,40,5477.0,OWNER,6118,1997-10-04,349392,48,7279.0,C,3673691.4,19389828.9
6616,1,M,45,40,5481.0,OWNER,6120,1994-09-11,209184,48,4358.0,A,5008621.8,22787151.4
6691,43,M,56,50,5541.0,OWNER,6130,1996-07-18,32640,48,680.0,C,881745.0,11936457.1
6729,15,M,41,40,5572.0,OWNER,6136,1998-04-19,140880,60,2348.0,C,883332.4,3903652.5
6731,13,M,55,50,5574.0,OWNER,6137,1996-04-10,44628,12,3719.0,A,5459717.8,22930381.7
6749,9,F,55,50,5591.0,OWNER,6142,1997-01-21,221880,60,3698.0,C,1551015.9,15293240.7
6753,15,M,36,30,5593.0,OWNER,6144,1996-08-09,44376,12,3698.0,A,3629308.2,18536732.0
6764,19,M,54,50,5602.0,OWNER,6147,1997-12-28,177504,48,3698.0,C,2020074.2,9854438.6
6789,57,M,19,10,5622.0,OWNER,6150,1994-11-02,83016,12,6918.0,A,5242040.8,34695672.2
6798,61,F,50,50,5628.0,OWNER,6151,1995-04-25,225420,60,3757.0,C,1645404.9,10920854.4
6803,5,F,18,10,5632.0,OWNER,6153,1995-07-25,285600,60,4760.0,C,4506990.8,18994272.0
6829,10,F,35,30,5650.0,OWNER,6157,1995-07-10,98592,24,4108.0,A,2621164.4,14386432.1
6892,1,F,47,40,5698.0,OWNER,6168,1998-11-21,99216,36,2756.0,C,1267473.2,5745125.5
6895,42,M,27,20,5700.0,OWNER,6169,1995-03-16,103680,60,1728.0,D,1451880.2,7486794.8
6922,14,F,59,50,5724.0,OWNER,6173,1997-01-08,232560,48,4845.0,C,2774333.1,14527499.5
6936,52,F,39,30,5735.0,OWNER,6175,1996-02-21,290700,60,4845.0,D,3217251.9,16276440.9
6946,74,F,28,20,5742.0,OWNER,6178,1995-12-16,232560,48,4845.0,C,2458866.5,11907494.4
6987,1,M,30,30,5774.0,OWNER,6185,1995-11-28,31176,24,1299.0,A,1805703.3,10590291.1
7010,70,M,31,30,5794.0,OWNER,6190,1996-05-06,123600,60,2060.0,C,1930959.1,9666975.7
7065,5,F,27,20,5837.0,OWNER,6196,1997-09-14,177804,36,4939.0,C,1801959.4,9332631.2
7127,3,M,41,40,5891.0,OWNER,6202,1994-04-18,65184,12,5432.0,A,5134747.6,32588349.8
7150,45,F,35,30,5912.0,OWNER,6207,1998-06-23,184620,60,3077.0,C,1056184.0,5302348.1
7166,15,M,34,30,5927.0,OWNER,6210,1994-06-06,87216,48,1817.0,B,1919803.8,8946457.8
7186,27,F,55,50,5944.0,OWNER,6215,1998-06-18,78720,48,1640.0,C,846907.3,5319903.1
7195,50,M,36,30,5952.0,OWNER,6216,1994-09-30,141240,24,5885.0,A,4888203.2,39609532.1
7241,57,F,41,40,5991.0,OWNER,6223,1994-11-03,61056,48,1272.0,A,2173107.7,15184018.2
7286,47,F,28,20,6030.0,OWNER,6227,1995-03-04,28248,24,1177.0,A,2784644.7,21376720.4
7291,77,F,58,50,6034.0,OWNER,6228,1993-12-01,464520,60,7742.0,B,4468707.4,16502630.4
7299,1,M,60,60,6040.0,OWNER,6229,1994-10-02,11736,24,489.0,A,3268769.1,20135155.1
7311,56,M,49,40,6051.0,OWNER,6232,1994-07-08,276660,36,7685.0,B,1414263.7,6446210.0
7324,1,F,35,30,6061.0,OWNER,6234,1998-05-28,5148,12,429.0,C,944685.4,5109021.4
7325,24,M,23,20,6062.0,OWNER,6235,1998-04-19,321360,60,5356.0,C,2324580.9,10850692.9
7339,19,F,24,20,6075.0,OWNER,6237,1998-01-06,407952,48,8499.0,D,407793.2,1896763.3
7348,6,F,21,20,6083.0,OWNER,6239,1997-09-28,360864,48,7518.0,D,2500617.2,9710561.9
7366,29,F,25,20,6097.0,OWNER,6242,1997-10-22,26208,36,728.0,C,321147.7,2765189.9
7390,1,M,61,60,6118.0,OWNER,6244,1995-01-08,270648,36,7518.0,B,3032913.2,18130583.9
7411,54,F,35,30,6138.0,OWNER,6249,1997-07-30,67608,24,2817.0,C,821310.3,2732682.9
7422,74,M,40,40,6148.0,OWNER,6253,1994-11-04,59760,24,2490.0,A,2927453.6,25797874.5
7434,34,F,56,50,6157.0,OWNER,6254,1997-12-28,247920,48,5165.0,C,2635578.8,11470161.5
7435,67,F,41,40,6158.0,OWNER,6255,1997-02-08,247920,48,5165.0,D,1009940.5,5374571.8
7521,74,F,38,30,6226.0,OWNER,6272,1994-12-20,398640,60,6644.0,C,5779370.5,27227516.8
7567,5,M,61,60,6265.0,OWNER,6278,1997-06-10,87360,24,3640.0,C,2235757.0,10966352.8
7576,38,M,36,30,6273.0,OWNER,6279,1994-06-07,87360,24,3640.0,A,3593880.6,20520282.2
7594,64,F,49,40,6289.0,OWNER,6283,1996-08-11,85632,48,1784.0,C,3478728.2,17908543.3
7672,26,M,45,40,6353.0,OWNER,6294,1995-02-12,79920,60,1332.0,C,3206844.3,21229303.9
7678,3,M,36,30,6358.0,OWNER,6296,1996-08-06,270384,48,5633.0,C,3187404.4,13389246.3
7683,12,M,53,50,6363.0,OWNER,6297,1994-10-25,17508,12,1459.0,A,1649907.6,18383987.0
7723,48,F,32,30,6397.0,OWNER,6302,1996-09-16,181020,60,3017.0,C,1775698.1,10891377.4
7727,31,F,40,40,6400.0,OWNER,6303,1996-02-12,72408,24,3017.0,B,2053488.4,11740620.9
7753,70,F,20,20,6425.0,OWNER,6306,1994-12-20,36684,12,3057.0,A,1909091.4,11529552.5
7765,1,F,40,40,6434.0,OWNER,6309,1996-11-11,110136,24,4589.0,A,2615644.3,11832073.3
7772,1,F,22,20,6440.0,OWNER,6310,1997-06-17,34572,12,2881.0,A,1441478.0,7127150.4
7787,34,M,47,40,6453.0,OWNER,6312,1998-05-17,10944,36,304.0,C,348050.2,5203106.6
7796,50,F,23,20,6461.0,OWNER,6313,1997-06-15,150912,36,4192.0,C,1970823.4,10963843.4
7814,61,F,22,20,6472.0,OWNER,6315,1995-02-06,43164,12,3597.0,A,4900473.3,22783167.0
7815,4,F,52,50,6473.0,OWNER,6316,1994-05-26,76908,12,6409.0,B,5475280.6,22178223.1
7843,6,M,32,30,6495.0,OWNER,6320,1998-04-28,104964,12,8747.0,C,1182397.5,6806870.3
7855,7,F,34,30,6505.0,OWNER,6321,1998-10-08,38496,12,3208.0,C,378296.0,2232268.7
7862,74,M,33,30,6510.0,OWNER,6322,1997-05-06,76992,24,3208.0,C,1775054.8,7984223.5
7914,38,F,32,30,6555.0,OWNER,6336,1994-03-31,212400,36,5900.0,A,4243596.7,27332667.9
7959,1,F,20,20,6592.0,OWNER,6338,1997-08-24,390660,60,6511.0,C,3306479.7,15239492.0
7980,16,M,22,20,6609.0,OWNER,6342,1995-11-12,60156,36,1671.0,B,2248893.1,10833630.8
8030,1,M,31,30,6649.0,OWNER,6346,1997-05-22,100260,60,1671.0,C,2007620.6,9810979.9
8064,54,F,32,30,6678.0,OWNER,6350,1997-07-09,294384,48,6133.0,C,4104026.6,18096057.6
8074,61,M,40,40,6686.0,OWNER,6353,1997-12-25,116496,24,4854.0,C,2145329.5,7317102.5
8076,16,F,48,40,6688.0,OWNER,6354,1996-10-23,22968,36,638.0,C,556392.7,9869668.9
8089,35,M,33,30,6699.0,OWNER,6355,1997-09-24,127200,48,2650.0,C,1410358.8,8518178.4
8091,5,M,27,20,6701.0,OWNER,6356,1993-12-08,95400,36,2650.0,A,6336079.0,32820632.3
8096,38,F,19,10,6706.0,OWNER,6357,1998-07-12,64860,60,1081.0,C,674139.5,7945125.1
8105,72,M,35,30,6715.0,OWNER,6358,1995-01-14,137880,60,2298.0,D,2585946.2,13571878.5
8130,62,F,22,20,6738.0,OWNER,6362,1995-10-31,37908,12,3159.0,A,2153863.5,10863234.4
8200,1,F,54,50,6792.0,OWNER,6377,1997-03-17,17184,12,1432.0,A,826611.5,8303425.2
8276,43,F,19,10,6856.0,OWNER,6386,1997-04-30,124344,36,3454.0,C,1815093.3,10240548.1
8333,60,M,33,30,6902.0,OWNER,6399,1997-12-21,49320,36,1370.0,C,592581.4,4996922.9
8356,3,M,29,20,6922.0,OWNER,6402,1998-12-06,139488,24,5812.0,C,1427036.9,5216770.7
8359,74,M,19,10,6924.0,OWNER,6403,1995-12-05,194880,48,4060.0,C,2932792.6,14487398.1
8366,41,F,38,30,6930.0,OWNER,6407,1994-05-26,25944,24,1081.0,A,3324594.2,18582167.2
8392,36,F,32,30,6950.0,OWNER,6415,1997-02-12,475680,48,9910.0,C,1366072.0,7550139.7
8432,38,F,30,30,6985.0,OWNER,6421,1996-07-25,96768,36,2688.0,C,3669467.6,16959165.6
8502,51,M,55,50,7045.0,OWNER,6435,1997-06-16,288720,48,6015.0,C,1841608.5,8936235.8
8506,69,F,19,10,7049.0,OWNER,6436,1998-05-22,495180,60,8253.0,C,1502705.8,4129024.7
8510,55,M,51,50,7052.0,OWNER,6437,1997-11-09,63972,36,1777.0,D,564030.4,2284571.2
8548,57,F,53,50,7082.0,OWNER,6442,1998-02-08,194160,48,4045.0,C,752857.9,6561905.5
8568,1,F,27,20,7099.0,OWNER,6450,1998-06-10,234336,48,4882.0,C,1788005.9,8937055.5
8598,46,F,41,40,7123.0,OWNER,6456,1993-12-09,47016,12,3918.0,A,6326820.5,25693517.7
8610,55,F,50,50,7133.0,OWNER,6460,1994-11-06,48672,36,1352.0,A,745930.7,10661346.4
8615,12,F,59,50,7136.0,OWNER,6461,1996-09-19,74124,36,2059.0,C,3127560.6,21147686.3
8636,71,F,57,50,7156.0,OWNER,6464,1998-04-16,49488,24,2062.0,C,742105.2,3917928.8
8661,1,F,44,40,7176.0,OWNER,6468,1997-11-30,203940,60,3399.0,C,1244270.6,6447989.3
8666,7,F,27,20,7180.0,OWNER,6469,1998-11-17,99744,24,4156.0,C,950377.2,4798026.6
8667,77,F,31,30,7181.0,OWNER,6470,1998-05-17,49872,12,4156.0,C,1970722.2,16737586.1
8670,5,F,55,50,7184.0,OWNER,6471,1996-08-04,155640,24,6485.0,A,2051450.1,13771459.3
8677,49,M,43,40,7190.0,OWNER,6474,1995-06-06,63360,60,1056.0,C,1246253.9,11671915.0
8737,17,F,50,50,7240.0,OWNER,6486,1998-01-15,152160,60,2536.0,C,1075664.9,4526915.8
8764,70,F,58,50,7262.0,OWNER,6490,1997-02-10,73260,60,1221.0,C,1026143.3,6201079.5
8777,11,F,45,40,7274.0,OWNER,6495,1998-03-12,49044,12,4087.0,C,787336.8,3250210.7
9173,1,M,53,50,7401.0,OWNER,6499,1994-01-05,80952,24,3373.0,A,3157613.4,16996484.0
9196,21,F,59,50,7418.0,OWNER,6501,1996-04-29,30276,12,2523.0,B,1574907.9,6078758.9
9202,68,M,36,30,7424.0,OWNER,6502,1997-12-08,30276,12,2523.0,A,2961775.2,14762811.6
9217,19,F,58,50,7437.0,OWNER,6508,1998-04-19,110736,48,2307.0,C,574625.4,4226867.6
9226,64,F,59,50,7445.0,OWNER,6509,1994-03-15,55368,24,2307.0,A,4787826.4,22860000.3
9236,31,F,42,40,7454.0,OWNER,6512,1994-05-26,63312,48,1319.0,A,698964.2,7685727.3
9273,39,F,43,40,7485.0,OWNER,6520,1994-03-16,91200,24,3800.0,A,3266687.2,13661980.9
9316,63,F,40,40,7523.0,OWNER,6526,1995-01-03,288468,36,8013.0,A,2339378.1,13113089.6
9340,54,M,31,30,7542.0,OWNER,6534,1997-10-19,590820,60,9847.0,C,1094706.2,8340124.6
9346,43,M,26,20,7546.0,OWNER,6535,1995-11-02,41952,12,3496.0,A,2375762.3,14865357.6
9362,56,F,25,20,7559.0,OWNER,6539,1998-07-11,12792,12,1066.0,C,286060.2,4004635.3
9366,72,M,23,20,7562.0,OWNER,6540,1995-12-31,309600,48,6450.0,C,3908326.8,19731311.1
9370,59,M,23,20,7565.0,OWNER,6541,1997-08-17,153504,48,3198.0,C,1370283.1,6957766.2
9403,16,M,24,20,7594.0,OWNER,6544,1997-12-11,130464,48,2718.0,C,2440577.1,16938096.6
9417,21,M,49,40,7606.0,OWNER,6545,1995-12-12,191880,60,3198.0,C,4094533.5,22354370.2
9418,1,M,48,40,7607.0,OWNER,6546,1995-03-27,31728,24,1322.0,A,2095080.5,15188489.3
9427,62,F,28,20,7614.0,OWNER,6550,1996-05-18,320592,48,6679.0,C,3976122.6,18107499.9
9450,68,F,55,50,7632.0,OWNER,6552,1998-01-08,170448,48,3551.0,C,1271768.7,6911253.8
9456,40,F,57,50,7636.0,OWNER,6553,1998-01-26,42384,12,3532.0,C,1362747.0,8968511.4
9457,46,M,20,20,7637.0,OWNER,6554,1997-01-29,390096,48,8127.0,C,1452302.2,8120466.0
9505,1,M,40,40,7674.0,OWNER,6562,1997-03-21,94488,24,3937.0,C,2806112.2,15786138.7
9546,50,F,43,40,7713.0,OWNER,6568,1998-02-25,220440,60,3674.0,C,1297813.1,5742544.3
9555,13,F,51,50,7721.0,OWNER,6569,1998-05-28,45456,12,3788.0,C,856175.7,4215379.8
9569,19,F,48,40,7733.0,OWNER,6571,1998-05-12,140064,24,5836.0,C,2737084.6,13092405.3
9582,2,F,56,50,7745.0,OWNER,6574,1997-12-20,77544,36,2154.0,C,2034227.2,7745874.6
9593,74,F,30,30,7753.0,OWNER,6577,1994-03-11,51696,24,2154.0,A,6346623.2,29337403.4
9606,52,M,49,40,7765.0,OWNER,6578,1995-12-11,27984,12,2332.0,A,3006992.0,13842280.7
9611,23,M,40,40,7769.0,OWNER,6580,1994-05-22,196080,48,4085.0,A,5364644.3,27730907.6
9641,64,M,53,50,7795.0,OWNER,6585,1996-10-29,372120,60,6202.0,C,4997272.7,23324054.6
9663,19,M,53,50,7815.0,OWNER,6589,1996-01-01,189696,24,7904.0,A,3141566.8,19531400.2
9670,38,M,50,50,7819.0,OWNER,6591,1995-02-02,20832,48,434.0,C,1298770.9,12101758.2
9675,60,F,28,20,7824.0,OWNER,6594,1994-09-28,189696,24,7904.0,B,3405684.4,12259637.0
9702,33,F,47,40,7844.0,OWNER,6596,1994-06-25,91584,24,3816.0,A,4208565.7,17593740.3
9715,35,F,21,20,7857.0,OWNER,6598,1995-01-18,68112,12,5676.0,A,5347214.7,30815672.5
9717,52,F,46,40,7859.0,OWNER,6599,1996-11-19,72120,12,6010.0,A,3459805.2,19877938.0
9721,34,M,44,40,7861.0,OWNER,6600,1995-10-08,21852,36,607.0,A,1728095.2,23407337.5
9755,23,F,47,40,7890.0,OWNER,6605,1997-10-14,79344,48,1653.0,C,609578.7,6091882.6
9760,27,M,29,20,7894.0,OWNER,6607,1997-10-21,153144,36,4254.0,C,2889584.6,15577186.5
9775,70,M,38,30,7907.0,OWNER,6612,1997-08-31,97392,12,8116.0,A,2071077.3,11216483.4
9798,69,F,48,40,7926.0,OWNER,6613,1996-09-22,84120,24,3505.0,A,2369851.4,9769312.9
9833,51,M,34,30,7957.0,OWNER,6621,1997-06-14,42900,12,3575.0,A,3660689.0,18925363.8
9844,55,M,53,50,7965.0,OWNER,6624,1994-09-30,71460,12,5955.0,A,3352292.1,16378429.4
9846,54,F,32,30,7966.0,OWNER,6625,1997-09-07,473280,60,7888.0,D,1402302.9,7554098.6
9872,9,F,31,30,7990.0,OWNER,6632,1998-04-23,144960,48,3020.0,C,2878739.3,14450361.9
9880,10,F,28,20,7997.0,OWNER,6633,1998-02-05,160656,24,6694.0,C,2791817.4,11890526.9
9914,36,M,56,50,8026.0,OWNER,6641,1997-09-09,128268,36,3563.0,C,1040274.0,6881015.9
9915,27,M,31,30,8027.0,OWNER,6642,1994-06-05,77640,12,6470.0,A,5473619.0,25208750.1
9929,47,F,31,30,8038.0,OWNER,6643,1998-01-18,35856,24,1494.0,C,1288991.9,9379390.1
9930,9,M,26,20,8039.0,OWNER,6644,1996-10-20,93600,24,3900.0,A,1901807.9,14309379.0
9933,74,M,57,50,8041.0,OWNER,6645,1994-11-06,140400,36,3900.0,A,5601309.3,27755249.4
9945,31,F,30,30,8051.0,OWNER,6647,1994-06-01,208320,48,4340.0,A,3966074.3,17277444.6
9973,24,F,53,50,8073.0,OWNER,6650,1994-02-17,49320,12,4110.0,B,5190125.5,26444985.5
9987,73,F,48,40,8085.0,OWNER,6655,1997-10-17,260400,60,4340.0,D,2112028.7,7696494.4
9995,54,M,40,40,8092.0,OWNER,6659,1996-02-20,56100,60,935.0,C,966956.9,5536560.0
9997,67,M,36,30,8094.0,OWNER,6660,1997-05-09,220428,36,6123.0,C,2511850.8,9469180.2
10023,59,F,25,20,8114.0,OWNER,6665,1997-08-15,99300,60,1655.0,C,1517414.8,9464047.2
10040,37,F,30,30,8127.0,OWNER,6667,1996-07-15,155880,24,6495.0,A,4798360.8,26838258.2
10043,45,M,33,30,8129.0,OWNER,6668,1994-07-30,74736,36,2076.0,A,2912953.2,16384609.6
10075,48,M,35,30,8158.0,OWNER,6675,1997-11-01,238716,36,6631.0,C,2533286.8,12987039.7
10076,26,F,29,20,8159.0,OWNER,6676,1995-06-13,29784,24,1241.0,A,1127535.7,13051073.9
10090,29,F,18,10,8169.0,OWNER,6677,1997-08-12,97980,60,1633.0,C,898897.2,5353133.9
10095,1,F,22,20,8173.0,OWNER,6678,1994-05-20,80340,12,6695.0,A,5747542.2,24044943.7
10159,50,M,60,60,8225.0,OWNER,6682,1998-03-30,36204,12,3017.0,D,987028.5,5147861.8
10198,31,M,22,20,8260.0,OWNER,6686,1994-08-25,224604,36,6239.0,A,6075871.0,28931223.0
10200,13,F,18,10,8261.0,OWNER,6687,1993-09-13,87840,24,3660.0,A,3241919.1,20706132.3
10209,59,M,23,20,8268.0,OWNER,6688,1997-09-26,8616,24,359.0,C,789710.0,7834083.0
10269,70,F,58,50,8316.0,OWNER,6694,1995-03-19,134784,24,5616.0,A,4508100.4,26472892.7
10273,51,F,40,40,8320.0,OWNER,6695,1997-06-04,309660,60,5161.0,C,1523626.9,6053275.4
10275,77,F,28,20,8321.0,OWNER,6696,1994-05-09,89040,60,1484.0,C,1805687.8,19456500.7
10282,1,M,19,10,8327.0,OWNER,6698,1996-03-10,247728,48,5161.0,C,2572064.1,16471714.5
10287,48,F,36,30,8330.0,OWNER,6699,1994-03-30,7656,24,319.0,A,3137644.5,24610818.0
10350,29,F,37,30,8377.0,OWNER,6704,1995-06-01,417060,60,6951.0,C,2796736.5,17921798.0
10355,14,F,22,20,8381.0,OWNER,6705,1997-07-25,333648,48,6951.0,D,2750901.5,13293357.6
10382,20,F,33,30,8405.0,OWNER,6712,1995-10-14,266220,60,4437.0,C,2663870.0,19496869.0
10389,20,F,55,50,8411.0,OWNER,6715,1996-05-06,220620,60,3677.0,C,2361485.0,12391970.1
10459,17,F,34,30,8475.0,OWNER,6721,1994-01-21,21072,24,878.0,A,1089597.1,17314583.2
10475,51,F,50,50,8489.0,OWNER,6725,1995-06-23,265320,36,7370.0,A,2392613.6,17689312.8
10479,2,F,43,40,8492.0,OWNER,6726,1995-09-03,85860,60,1431.0,C,1395686.1,17664791.3
10492,70,M,61,60,8505.0,OWNER,6727,1997-12-10,42840,12,3570.0,A,702287.6,4754408.1
10510,23,F,53,50,8519.0,OWNER,6729,1994-08-11,74688,12,6224.0,A,5581760.8,24951075.8
10517,54,F,18,10,8523.0,OWNER,6730,1998-02-15,93036,12,7753.0,C,2527429.9,10217701.2
10528,47,F,46,40,8533.0,OWNER,6732,1996-09-19,174048,48,3626.0,C,3134030.3,19623773.8
10543,14,F,53,50,8547.0,OWNER,6734,1996-05-30,173016,36,4806.0,C,3408358.7,18773127.0
10555,1,M,63,60,8558.0,OWNER,6736,1994-06-14,288360,60,4806.0,C,2032180.8,12803259.5
10563,68,M,49,40,8564.0,OWNER,6737,1995-03-11,76680,24,3195.0,A,5258136.9,29625435.5
10566,74,F,56,50,8566.0,OWNER,6738,1994-09-29,230220,36,6395.0,B,3063510.4,14571873.3
10636,64,M,27,20,8625.0,OWNER,6745,1995-04-10,47304,24,1971.0,A,6332027.3,36163711.5
10654,46,F,36,30,8639.0,OWNER,6746,1998-06-06,185640,60,3094.0,C,637949.3,3190778.0
10662,60,F,49,40,8645.0,OWNER,6748,1998-12-08,240900,60,4015.0,C,639156.7,3321625.6
10702,17,M,60,60,8680.0,OWNER,6751,1996-07-14,85716,36,2381.0,C,1082894.0,5297642.5
10714,66,F,52,50,8688.0,OWNER,6753,1997-03-20,67980,12,5665.0,A,929536.8,7261961.0
10746,53,M,27,20,8713.0,OWNER,6755,1998-07-24,170700,60,2845.0,C,758008.9,4257690.0
10777,70,F,18,10,8742.0,OWNER,6758,1997-07-29,33144,12,2762.0,A,778244.5,5013265.1
10813,1,F,19,10,8772.0,OWNER,6763,1997-06-19,88272,48,1839.0,C,751250.6,2929841.6
10818,64,M,26,20,8776.0,OWNER,6764,1995-08-26,33984,48,708.0,C,1483751.3,18583622.0
10828,1,F,41,40,8784.0,OWNER,6766,1998-04-28,74352,24,3098.0,C,2052077.6,9531080.4
10963,1,M,54,50,8899.0,OWNER,6785,1995-12-25,125340,60,2089.0,C,4663429.4,30918571.1
10987,62,F,37,30,8919.0,OWNER,6790,1998-06-08,76104,24,3171.0,C,267071.7,3114038.4
10997,1,F,26,20,8926.0,OWNER,6791,1998-01-23,566640,60,9444.0,C,854050.9,7550295.6
11004,63,M,51,50,8931.0,OWNER,6793,1997-01-30,186300,60,3105.0,C,3835512.9,22213734.0
11050,70,F,41,40,8972.0,OWNER,6805,1996-12-21,45024,48,938.0,C,1422317.3,10076618.8
11063,64,F,43,40,8982.0,OWNER,6808,1994-10-12,227880,36,6330.0,A,4389204.8,29798961.5
11093,40,M,39,30,9006.0,OWNER,6810,1996-06-08,186384,48,3883.0,C,4509795.1,24608754.3
11105,70,F,42,40,9017.0,OWNER,6816,1996-03-26,100224,48,2088.0,D,1018331.2,4236196.7
11114,1,M,46,40,9024.0,OWNER,6817,1996-10-04,70656,48,1472.0,C,1148856.8,7048460.9
11121,72,F,27,20,9030.0,OWNER,6818,1996-12-12,155616,48,3242.0,C,1776459.1,17994290.7
11123,47,M,50,50,9031.0,OWNER,6819,1997-05-03,50112,24,2088.0,C,761984.1,6553634.6
11126,1,F,33,30,9034.0,OWNER,6820,1993-12-16,38148,12,3179.0,A,3290859.6,23992142.6
11130,1,F,37,30,9037.0,OWNER,6821,1998-09-15,321936,48,6707.0,C,853518.6,7293491.9
11149,43,M,33,30,9052.0,OWNER,6824,1997-02-26,71976,24,2999.0,D,3159773.1,13897555.9
11195,58,M,45,40,9093.0,OWNER,6836,1994-08-03,189300,60,3155.0,C,2705331.4,29125070.6
11208,10,F,41,40,9104.0,OWNER,6841,1994-08-07,172080,48,3585.0,A,3437890.4,22968934.4
11250,26,F,52,50,9138.0,OWNER,6851,1997-06-03,272220,60,4537.0,D,1597311.7,7527043.7
11252,32,F,33,30,9140.0,OWNER,6852,1998-11-10,16032,48,334.0,C,490891.1,3080955.1
11266,9,M,60,60,9153.0,OWNER,6855,1998-03-01,52236,36,1451.0,C,468383.7,7115333.1
11271,18,M,61,60,9156.0,OWNER,6856,1998-12-01,163332,36,4537.0,C,594111.8,2073127.4
11274,64,M,29,20,9159.0,OWNER,6857,1998-06-08,69600,48,1450.0,C,1024535.2,12342297.0
11286,56,F,58,50,9167.0,OWNER,6859,1998-03-07,272220,60,4537.0,C,1440226.5,9280928.5
11304,28,F,38,30,9179.0,OWNER,6861,1998-02-28,215040,60,3584.0,C,1054614.4,6364844.6
11314,45,M,62,60,9188.0,OWNER,6863,1993-07-28,127080,60,2118.0,A,1961962.3,17818622.7
11327,72,M,51,50,9199.0,OWNER,6865,1996-09-11,29448,12,2454.0,B,1030612.9,2963963.5
11329,69,F,37,30,9201.0,OWNER,6866,1998-02-05,122472,24,5103.0,C,2433822.6,11140320.3
11337,29,M,29,20,9208.0,OWNER,6868,1998-10-12,82128,24,3422.0,C,873654.4,4592674.9
11359,11,M,26,20,9225.0,OWNER,6871,1997-04-13,164256,48,3422.0,C,2562288.7,13792191.0
11362,51,F,32,30,9227.0,OWNER,6872,1998-04-29,191580,60,3193.0,C,207302.5,1642442.8
11371,37,F,57,50,9235.0,OWNER,6875,1997-03-13,83280,48,1735.0,C,1400718.6,12147849.8
11372,11,M,37,30,9236.0,OWNER,6876,1993-12-21,86616,12,7218.0,A,2070506.8,31089953.1
11379,74,M,46,40,9241.0,OWNER,6877,1997-06-19,285240,60,4754.0,C,1672910.5,8310826.3
11381,57,F,19,10,9242.0,OWNER,6878,1997-01-24,23184,12,1932.0,A,604041.2,7908509.0
11405,68,F,34,30,9263.0,OWNER,6887,1997-05-08,39576,12,3298.0,A,1329932.8,6201247.5
11409,32,F,18,10,9265.0,OWNER,6888,1994-07-11,39576,12,3298.0,A,5590851.2,41213152.8
11461,70,M,24,20,9307.0,OWNER,6895,1994-09-19,41904,12,3492.0,A,4964542.0,38139654.9
11497,11,F,39,30,9337.0,OWNER,6903,1994-06-04,52128,24,2172.0,A,3172463.5,23836196.2
11516,59,M,60,60,9353.0,OWNER,6908,1997-06-08,188616,24,7859.0,C,2393987.4,12448882.5
11545,1,F,32,30,9377.0,OWNER,6913,1997-04-29,99936,24,4164.0,C,2787620.5,22015217.2
11574,1,F,54,50,9403.0,OWNER,6919,1994-08-05,120888,36,3358.0,A,2675014.6,16889594.5
11596,70,F,58,50,9422.0,OWNER,6921,1996-10-29,86184,12,7182.0,A,3171046.7,13599781.5
11598,54,F,21,20,9424.0,OWNER,6922,1997-08-26,83628,36,2323.0,C,702313.0,3353397.4
11609,59,M,41,40,9433.0,OWNER,6923,1998-10-05,44640,24,1860.0,C,577714.5,3406968.3
11637,73,M,47,40,9455.0,OWNER,6926,1998-02-07,374760,60,6246.0,C,2114401.1,11576859.4
11662,76,M,26,20,9472.0,OWNER,6929,1995-05-08,36396,12,3033.0,A,4485996.6,24500739.6
11683,7,M,18,10,9491.0,OWNER,6932,1998-06-25,225504,48,4698.0,C,2727539.8,13569742.7
11685,64,F,33,30,9493.0,OWNER,6933,1995-09-09,188688,48,3931.0,C,2273360.0,14713340.8
11686,21,F,50,50,9494.0,OWNER,6934,1997-02-09,116832,12,9736.0,A,1066244.2,5393078.4
11701,9,M,49,40,9504.0,OWNER,6938,1997-03-10,341280,60,5688.0,C,2813106.9,8734233.0
11709,1,M,37,30,9510.0,OWNER,6940,1996-11-22,228276,36,6341.0,C,1006312.8,6145562.6
11713,59,F,47,40,9513.0,OWNER,6942,1997-07-16,18324,12,1527.0,A,1392690.8,5765398.9
11754,62,M,32,30,9548.0,OWNER,6944,1996-11-15,46176,48,962.0,C,1117135.2,9721798.4
11768,1,F,27,20,9560.0,OWNER,6948,1998-03-15,157068,36,4363.0,C,1015014.8,4638725.6
11794,31,F,28,20,9583.0,OWNER,6949,1995-12-12,104712,24,4363.0,A,5439566.5,27499917.6
11804,74,M,54,50,9591.0,OWNER,6950,1995-04-11,104712,24,4363.0,A,4371077.3,20679440.9
11851,65,M,28,20,9627.0,OWNER,6955,1995-11-22,244368,48,5091.0,C,4705145.5,22703721.2
11855,11,M,41,40,9631.0,OWNER,6956,1997-11-09,59448,24,2477.0,C,1005871.2,4623396.9
11857,70,M,46,40,9633.0,OWNER,6959,1997-06-30,59448,24,2477.0,D,2662498.4,13338768.7
11866,1,M,61,60,9640.0,OWNER,6960,1995-01-11,76416,24,3184.0,A,3450210.8,21237609.1
11873,38,F,35,30,9645.0,OWNER,6961,1996-06-06,176148,36,4893.0,C,2644555.7,10487123.2
11874,1,M,29,20,9646.0,OWNER,6962,1998-04-02,279072,48,5814.0,C,1781302.8,6115330.5
11886,61,F,57,50,9656.0,OWNER,6965,1995-06-13,139536,24,5814.0,A,5595682.4,27153724.9
11906,76,M,54,50,9673.0,OWNER,6969,1998-09-12,88200,36,2450.0,C,623290.4,4774439.3
11911,8,M,59,50,9677.0,OWNER,6970,1997-06-17,31620,60,527.0,C,778484.8,5604997.4
11976,54,F,59,50,9730.0,OWNER,6984,1997-08-15,116040,60,1934.0,C,529135.3,4077844.0
11978,54,M,27,20,9731.0,OWNER,6985,1995-11-22,113796,36,3161.0,A,2031675.6,11039297.2
12003,74,M,22,20,9750.0,OWNER,6986,1995-02-11,151728,48,3161.0,D,4306929.0,19585641.9
12050,52,M,55,50,9790.0,OWNER,6992,1996-07-27,133968,48,2791.0,C,3639202.8,20700507.3
12079,64,F,26,20,9814.0,OWNER,6995,1996-09-26,96168,12,8014.0,A,3657355.7,24440785.0
12095,47,M,59,50,9828.0,OWNER,6996,1995-04-13,126600,24,5275.0,A,4607543.0,18602560.6
12102,21,F,30,30,9833.0,OWNER,6998,1994-05-21,97632,12,8136.0,A,7037938.1,32301996.3
12133,27,F,34,30,9859.0,OWNER,7001,1997-08-10,300600,60,5010.0,C,1885597.4,12229040.4
12144,2,M,18,10,9869.0,OWNER,7004,1995-03-15,331560,60,5526.0,C,3044394.3,26596285.7
12181,1,M,37,30,9897.0,OWNER,7008,1995-09-22,36168,12,3014.0,A,1989455.7,11577541.0
12220,60,F,27,20,9928.0,OWNER,7013,1996-08-02,89340,60,1489.0,C,1025705.8,13487362.3
12303,24,F,24,20,10001.0,OWNER,7034,1996-07-11,19044,36,529.0,C,1454569.3,13958720.299999999
12308,64,M,20,20,10005.0,OWNER,7035,1998-07-29,210744,36,5854.0,C,969764.7,3413229.0
12325,8,M,34,30,10019.0,OWNER,7036,1996-09-25,194940,36,5415.0,C,2606930.8,13162509.2
12328,1,F,54,50,10022.0,OWNER,7037,1998-01-03,218064,48,4543.0,C,1118742.1,6916801.2
12358,17,M,55,50,10049.0,OWNER,7046,1997-03-28,91632,12,7636.0,A,726972.6,4111315.1
12376,4,M,39,30,10063.0,OWNER,7049,1997-06-24,233424,36,6484.0,C,2197366.6,11465059.9
12378,76,F,52,50,10065.0,OWNER,7050,1997-09-23,311232,48,6484.0,C,4191021.7,19338210.1
12382,1,M,43,40,10068.0,OWNER,7051,1997-07-28,77808,12,6484.0,A,1720467.5,7905787.7
12396,62,F,28,20,10079.0,OWNER,7055,1994-04-06,167100,60,2785.0,C,5318335.7,24575480.8
12416,1,M,25,20,10093.0,OWNER,7057,1995-10-20,231696,36,6436.0,A,4696528.6,20868425.5
12432,55,M,33,30,10105.0,OWNER,7061,1994-08-27,121896,24,5079.0,A,5903640.0,33408737.2
12464,39,M,39,30,10131.0,OWNER,7066,1994-05-02,215388,36,5983.0,B,2894047.5,14185723.8
12468,22,M,29,20,10134.0,OWNER,7067,1998-01-11,136368,24,5682.0,C,1836741.5,7475154.5
12485,34,F,33,30,10148.0,OWNER,7072,1998-01-27,22104,12,1842.0,C,643027.0,7998048.1
12547,70,F,35,30,10202.0,OWNER,7085,1997-06-19,305424,48,6363.0,C,1585775.4,9028551.6
12561,38,M,32,30,10215.0,OWNER,7087,1997-02-20,44304,24,1846.0,C,953532.6,13405450.1
12586,27,M,51,50,10233.0,OWNER,7088,1997-05-03,239160,60,3986.0,C,1752291.2,9682785.1
12599,44,M,43,40,10243.0,OWNER,7091,1998-09-22,113436,36,3151.0,C,2360449.6,9227175.8
12616,27,F,33,30,10257.0,OWNER,7096,1998-09-02,37812,12,3151.0,C,2248023.8,8372005.0
12625,54,M,40,40,10266.0,OWNER,7097,1993-12-23,75624,24,3151.0,B,4400789.2,17416305.2
12643,69,F,36,30,10280.0,OWNER,7100,1997-12-31,348120,60,5802.0,C,1834055.1,8436025.4
12662,14,M,46,40,10297.0,OWNER,7101,1996-11-18,421008,48,8771.0,C,1718716.9,11286000.5
12695,68,M,19,10,10320.0,OWNER,7104,1993-12-13,259740,60,4329.0,A,3752935.1,16888561.4
12729,36,M,30,30,10345.0,OWNER,7110,1998-01-21,31260,12,2605.0,C,745895.2,4254817.0
12738,23,F,38,30,10351.0,OWNER,7115,1997-03-04,88704,48,1848.0,C,701091.2,4504557.2
12750,21,F,58,50,10361.0,OWNER,7119,1997-06-02,86880,12,7240.0,A,2820120.0,7130737.7
12754,55,M,38,30,10364.0,OWNER,7121,1993-11-10,21924,36,609.0,A,2341732.6,22527792.8
12756,22,F,49,40,10365.0,OWNER,7122,1997-01-04,260640,36,7240.0,D,3136559.9,16958953.0
12802,1,M,29,20,10404.0,OWNER,7129,1998-03-01,194280,60,3238.0,C,1239253.8,9801786.8
12810,39,M,34,30,10411.0,OWNER,7130,1996-12-11,123408,24,5142.0,A,2396349.2,17147611.5
12840,60,M,59,50,10436.0,OWNER,7136,1996-09-28,54396,36,1511.0,C,528116.0,11220496.2
12843,66,M,45,40,10439.0,OWNER,7137,1994-06-03,151560,24,6315.0,A,5010866.8,23633935.8
12844,45,M,52,50,10440.0,OWNER,7138,1995-07-03,60000,60,1000.0,C,1191019.0,16826344.3
12850,72,M,43,40,10445.0,OWNER,7139,1998-01-22,23412,12,1951.0,C,1569781.3,12380324.200000001
12859,1,F,22,20,10451.0,OWNER,7142,1994-12-19,482940,60,8049.0,D,2244846.5,11853883.5
12890,70,F,40,40,10478.0,OWNER,7147,1998-01-02,267600,48,5575.0,C,2308494.1,10667267.2
12908,12,M,57,50,10493.0,OWNER,7151,1998-02-18,133800,24,5575.0,C,1651752.0,8134413.0
12943,55,M,28,20,10520.0,OWNER,7154,1996-12-05,417600,60,6960.0,C,2334939.5,11372127.6
13051,55,M,33,30,10613.0,OWNER,7164,1998-08-15,249792,48,5204.0,C,974904.4,3970434.3
13071,41,M,42,40,10630.0,OWNER,7166,1995-06-24,198240,24,8260.0,A,1616173.5,8378494.9
13089,16,F,19,10,10644.0,OWNER,7167,1998-06-18,269964,36,7499.0,C,1683958.5,7419397.6
13090,2,F,18,10,10645.0,OWNER,7168,1998-07-05,208332,36,5787.0,C,2531327.1,10800256.4
13095,76,M,48,40,10650.0,OWNER,7171,1998-02-24,196224,48,4088.0,C,1610717.4,7110110.4
13098,1,F,20,20,10652.0,OWNER,7172,1998-05-07,45720,12,3810.0,C,1349888.1,5797607.7
13113,11,M,22,20,10663.0,OWNER,7176,1995-10-28,260028,36,7223.0,A,5658114.7,22044783.3
13134,1,F,36,30,10679.0,OWNER,7181,1997-10-02,197808,24,8242.0,C,2036348.5,7857460.4
13172,36,M,60,60,10711.0,OWNER,7187,1997-12-24,24180,60,403.0,C,1333182.7,19738739.2
13190,71,M,42,40,10728.0,OWNER,7189,1996-03-21,154656,48,3222.0,C,2155128.3,13473953.0
13201,31,M,61,60,10738.0,OWNER,7192,1994-12-21,115992,36,3222.0,A,5091422.1,29234538.3
13231,1,M,40,40,10762.0,OWNER,7194,1996-09-17,68832,36,1912.0,C,1541631.4,9041907.7
13246,46,F,57,50,10774.0,OWNER,7195,1998-04-23,339168,48,7066.0,C,424433.4,3483364.3
13260,72,F,21,20,10788.0,OWNER,7198,1994-08-23,45768,12,3814.0,A,2241619.8,11696263.7
13261,75,M,55,50,10789.0,OWNER,7199,1997-12-09,45768,12,3814.0,A,3263166.7,17508936.8
13276,76,M,21,20,10799.0,OWNER,7200,1998-07-11,31140,60,519.0,C,186245.5,2961134.0
13285,34,M,63,60,10807.0,OWNER,7201,1997-03-07,67464,12,5622.0,A,2346888.0,10601091.0
13290,16,M,57,50,10812.0,OWNER,7202,1998-05-29,140688,48,2931.0,C,1037972.4,5188069.7
13346,50,M,42,40,10857.0,OWNER,7209,1997-11-30,385560,60,6426.0,D,1348458.9,3651908.3
13380,65,M,56,50,10884.0,OWNER,7213,1996-02-13,113544,36,3154.0,C,2281914.4,17012264.6
13405,32,M,40,40,10905.0,OWNER,7219,1997-08-23,57120,48,1190.0,C,525003.3,8505007.6
13412,1,M,44,40,10911.0,OWNER,7220,1994-07-28,131292,36,3647.0,A,3287343.7,18347916.4
13417,25,F,47,40,10915.0,OWNER,7221,1998-06-11,152460,60,2541.0,C,768879.9,3753850.9
13447,13,F,28,20,10940.0,OWNER,7226,1994-02-23,197748,36,5493.0,A,3281827.4,20509754.6
13451,44,F,43,40,10942.0,OWNER,7227,1995-10-02,314520,60,5242.0,C,6275675.7,26205622.1
13468,25,M,38,30,10954.0,OWNER,7230,1997-04-02,18720,60,312.0,C,787961.1,6909202.1
13480,16,M,46,40,10963.0,OWNER,7233,1996-12-25,115812,36,3217.0,C,3309420.3,17139080.2
13490,18,F,29,20,10973.0,OWNER,7235,1993-10-13,154416,48,3217.0,A,6246852.0,28084385.7
13539,63,M,20,20,11013.0,OWNER,7240,1993-09-06,274740,60,4579.0,A,6376283.8,32497067.0
13548,1,M,22,20,11021.0,OWNER,7241,1995-03-04,168984,24,7041.0,B,5041763.7,31551450.9
13556,32,M,40,40,11027.0,OWNER,7242,1997-10-23,48096,24,2004.0,C,854249.9,5699073.2
13576,72,M,24,20,11042.0,OWNER,7243,1995-12-04,217152,36,6032.0,A,3673716.9,18011634.1
13590,59,M,21,20,11054.0,OWNER,7246,1996-08-20,148920,60,2482.0,C,1477648.7,7824250.5
13603,46,M,57,50,11065.0,OWNER,7249,1994-06-12,69360,48,1445.0,A,1773880.9,13500433.3
13608,37,F,35,30,11069.0,OWNER,7250,1997-03-04,119136,48,2482.0,C,2286264.8,13860048.9
13620,16,M,28,20,11079.0,OWNER,7253,1997-04-26,98304,12,8192.0,A,4041890.8,18024835.3
13640,28,F,43,40,11096.0,OWNER,7255,1997-06-09,213300,60,3555.0,C,1214997.1,5402098.9
13657,59,F,35,30,11111.0,OWNER,7259,1994-01-31,108144,36,3004.0,A,5552105.3,29029069.0
13687,75,M,39,30,11135.0,OWNER,7262,1994-03-01,182628,36,5073.0,A,2100479.6,16364866.8
13690,70,M,35,30,11138.0,OWNER,7263,1996-01-19,89880,24,3745.0,A,5371586.0,23809312.7
13694,1,F,22,20,11141.0,OWNER,7264,1997-10-07,44940,12,3745.0,A,1696208.3,9414882.7
13750,12,F,18,10,11186.0,OWNER,7271,1996-10-02,392460,60,6541.0,C,4222458.4,22766233.5
13803,1,M,51,50,11231.0,OWNER,7277,1997-10-24,89280,12,7440.0,A,2185883.5,8711856.8
13820,33,F,50,50,11244.0,OWNER,7279,1997-12-11,155760,24,6490.0,C,2013634.6,7772780.2
13845,15,M,25,20,11265.0,OWNER,7284,1993-09-15,52788,12,4399.0,A,1284916.4,10652926.3
13852,5,M,26,20,11271.0,OWNER,7286,1997-01-31,67320,36,1870.0,C,1045427.8,7056159.1
13912,50,M,23,20,11317.0,OWNER,7292,1998-11-22,317460,60,5291.0,C,2168077.9,10302619.8
13923,7,F,19,10,11327.0,OWNER,7294,1998-09-27,39168,24,1632.0,C,559881.6,4251721.5
13924,54,F,46,40,11328.0,OWNER,7295,1998-07-18,280440,60,4674.0,C,1326820.0,6853592.2
13955,1,F,53,50,11349.0,OWNER,7304,1995-10-29,419880,60,6998.0,C,3957372.2,14825911.9
13968,61,M,30,30,11359.0,OWNER,7305,1996-08-06,54024,12,4502.0,A,2948081.4,13647981.8
13971,67,F,36,30,11362.0,OWNER,7308,1996-12-27,129408,24,5392.0,A,1330010.5,10481659.5
