client_id,district_id,sex,age,age_group
1,18,F,28,20
2,1,M,53,50
3,1,F,58,50
4,5,M,43,40
5,5,F,38,30
6,12,M,79,70
7,15,M,69,60
8,51,F,60,60
9,60,M,63,60
10,57,M,56,50
11,57,F,48,40
12,40,M,17,10
13,54,F,24,20
14,76,F,56,50
15,21,F,80,80
16,21,M,79,70
17,76,M,64,60
18,76,F,67,60
19,47,M,56,50
20,46,M,19,10
21,12,F,46,40
22,1,F,29,20
23,1,M,25,20
24,43,F,59,50
25,21,F,59,50
26,74,F,29,20
27,54,F,32,30
28,1,M,53,50
29,30,F,47,40
30,74,F,41,40
31,68,M,36,30
32,52,M,18,10
33,73,F,50,50
36,7,F,20,20
37,7,M,28,20
38,36,F,25,20
39,68,M,30,30
40,5,F,41,40
41,22,M,30,30
42,68,M,63,60
43,75,M,78,70
44,38,F,21,20
45,20,M,46,40
46,19,F,58,50
47,76,M,64,60
48,16,M,58,50
49,72,F,39,30
50,39,F,20,20
51,36,F,19,10
52,32,M,74,70
53,64,M,21,20
55,45,F,50,50
56,21,M,38,30
57,21,F,37,30
58,1,F,71,70
59,1,M,41,40
60,67,M,18,10
61,16,F,50,50
62,77,M,66,60
63,4,M,39,30
64,20,M,72,70
65,50,F,55,50
66,1,F,47,40
67,29,F,66,60
68,43,M,52,50
70,70,M,73,70
71,70,F,71,70
72,47,M,76,70
73,22,M,74,70
74,22,F,73,70
75,64,F,21,20
76,36,F,31,30
77,1,F,42,40
78,16,F,54,50
79,37,F,29,20
80,64,F,19,10
81,8,M,22,20
82,8,F,19,10
83,1,F,20,20
84,1,M,19,10
85,1,M,37,30
86,1,F,29,20
87,72,F,52,50
89,1,F,47,40
90,52,M,23,20
91,63,M,58,50
92,74,F,32,30
93,3,M,73,70
94,43,M,51,50
95,43,F,46,40
96,74,M,26,20
97,26,M,33,30
98,33,F,25,20
99,33,M,25,20
100,44,F,56,50
101,68,M,55,50
102,74,F,40,40
103,74,M,43,40
105,31,M,18,10
106,68,F,30,30
107,1,M,26,20
108,17,M,35,30
110,2,F,31,30
112,1,M,63,60
113,1,F,58,50
114,74,F,29,20
115,74,M,29,20
116,74,M,56,50
117,74,F,62,60
118,55,M,76,70
119,55,F,76,70
120,1,M,22,20
121,41,F,20,20
122,35,F,35,30
123,11,M,29,20
124,44,M,31,30
125,37,M,62,60
126,37,F,69,60
127,21,F,48,40
128,63,F,25,20
129,64,F,51,50
130,53,M,56,50
131,53,F,21,20
132,36,M,45,40
134,6,M,67,60
135,6,F,60,60
136,55,F,77,70
137,60,M,75,70
138,54,F,26,20
139,8,F,39,30
140,8,M,37,30
141,31,M,73,70
142,68,M,61,60
143,27,M,20,20
144,65,M,40,40
145,55,M,20,20
146,31,F,37,30
147,21,F,65,60
148,21,M,58,50
149,55,M,50,50
150,2,F,18,10
151,51,F,27,20
152,29,F,53,50
153,13,F,17,10
154,74,M,65,60
155,74,F,59,50
156,54,F,68,60
157,52,F,55,50
158,40,F,53,50
159,40,M,60,60
160,64,F,56,50
161,34,F,55,50
162,65,M,57,50
163,74,M,65,60
164,70,F,36,30
165,22,M,30,30
166,22,F,37,30
167,38,F,20,20
168,24,F,22,20
169,38,M,45,40
170,38,F,52,50
171,51,M,69,60
172,51,F,63,60
173,21,F,80,80
174,10,M,20,20
175,31,M,38,30
176,4,M,69,60
178,8,M,38,30
179,43,M,18,10
180,73,M,16,10
181,76,M,31,30
182,76,F,39,30
183,1,F,20,20
184,1,M,26,20
185,77,M,44,40
186,46,F,37,30
187,58,M,56,50
188,64,M,38,30
189,11,M,79,70
190,37,F,51,50
191,37,M,44,40
192,70,M,27,20
193,1,M,37,30
194,28,F,74,70
195,74,M,79,70
196,74,F,71,70
197,30,M,65,60
198,60,M,22,20
199,29,M,75,70
200,29,F,71,70
201,17,F,68,60
202,29,F,22,20
203,31,M,36,30
204,31,F,31,30
205,4,F,56,50
206,59,F,35,30
207,46,M,66,60
208,13,F,58,50
209,13,M,63,60
210,66,M,59,50
211,66,F,53,50
212,52,M,23,20
215,71,M,31,30
216,1,M,38,30
217,59,F,24,20
218,1,F,18,10
219,60,F,34,30
221,21,F,21,20
222,47,F,26,20
223,43,F,46,40
224,77,M,43,40
225,32,M,62,60
226,1,M,56,50
227,52,F,72,70
228,48,F,42,40
229,76,M,29,20
230,74,F,31,30
231,41,M,57,50
232,55,F,77,70
233,69,F,40,40
234,69,M,43,40
235,44,F,55,50
236,70,M,38,30
237,70,F,29,20
238,6,F,37,30
239,1,F,24,20
240,34,F,69,60
241,70,M,39,30
242,17,F,38,30
243,63,M,44,40
246,67,F,28,20
247,1,M,41,40
248,61,F,29,20
249,61,M,28,20
250,8,F,19,10
251,54,F,22,20
252,37,F,29,20
253,48,F,51,50
254,28,M,35,30
255,27,F,47,40
256,73,F,35,30
257,22,F,56,50
258,22,M,61,60
259,31,M,32,30
260,31,F,36,30
261,38,F,61,60
262,77,M,53,50
263,68,M,36,30
264,28,M,20,20
265,72,F,65,60
266,19,F,31,30
267,37,M,31,30
268,39,F,16,10
269,15,F,75,70
270,46,M,51,50
271,46,F,53,50
272,70,F,54,50
273,27,F,26,20
274,17,F,28,20
275,1,F,80,80
276,1,M,41,40
277,1,F,37,30
278,22,F,26,20
279,22,M,28,20
280,45,F,29,20
282,73,F,60,60
283,73,M,65,60
284,10,M,24,20
285,72,M,44,40
286,72,F,46,40
287,50,M,18,10
288,6,M,36,30
289,54,M,40,40
290,72,M,39,30
291,72,F,43,40
292,15,F,40,40
293,69,M,55,50
294,58,M,30,30
295,12,M,59,50
296,65,M,25,20
297,65,F,74,70
298,65,M,77,70
300,1,F,41,40
301,28,M,56,50
302,56,M,27,20
303,74,M,52,50
304,19,F,64,60
305,46,M,60,60
308,68,F,22,20
309,37,F,29,20
310,11,M,48,40
311,64,F,68,60
312,2,M,74,70
313,24,F,56,50
314,24,M,53,50
315,54,M,32,30
316,75,M,43,40
317,64,F,41,40
318,15,F,55,50
319,19,F,69,60
320,19,M,64,60
321,47,F,55,50
322,38,M,66,60
323,38,F,60,60
324,3,M,38,30
325,3,M,38,30
326,27,F,31,30
327,27,M,30,30
328,1,F,80,80
329,11,M,34,30
330,65,F,54,50
331,1,M,56,50
332,29,M,20,20
333,38,M,27,20
334,32,M,29,20
335,73,F,31,30
336,39,F,34,30
337,39,M,41,40
338,8,F,47,40
339,1,M,32,30
340,1,F,28,20
341,69,M,21,20
342,69,F,26,20
343,44,M,79,70
344,54,F,35,30
345,17,M,45,40
346,17,F,38,30
347,71,M,39,30
348,71,F,45,40
349,39,F,71,70
350,25,F,73,70
351,1,M,26,20
352,56,M,58,50
353,7,M,33,30
354,49,F,76,70
355,49,M,68,60
356,1,F,19,10
357,1,M,19,10
358,7,F,39,30
359,66,M,28,20
360,49,M,55,50
361,74,F,21,20
362,35,F,48,40
363,35,M,57,50
364,54,F,56,50
365,1,M,68,60
366,1,F,62,60
367,60,F,35,30
368,60,M,30,30
369,7,F,68,60
370,71,F,42,40
371,4,M,56,50
372,34,M,66,60
373,16,M,62,60
374,26,M,31,30
375,61,F,29,20
376,14,F,25,20
378,50,M,20,20
379,50,F,15,10
380,41,M,25,20
381,73,F,21,20
382,73,M,20,20
383,15,F,59,50
384,15,M,63,60
385,45,M,50,50
386,62,M,18,10
387,76,M,71,70
388,36,F,48,40
389,47,F,24,20
390,47,F,21,20
391,47,F,65,60
392,74,F,49,40
393,74,M,42,40
394,52,F,74,70
395,52,M,79,70
396,1,M,78,70
397,75,M,68,60
398,61,F,73,70
399,45,M,46,40
400,1,M,65,60
401,1,F,70,70
402,3,M,55,50
403,42,F,25,20
404,42,M,31,30
405,65,F,64,60
406,36,M,21,20
407,73,F,23,20
408,35,F,20,20
409,74,M,73,70
410,62,M,36,30
411,17,F,57,50
412,17,M,54,50
413,49,F,26,20
414,46,F,51,50
415,46,M,54,50
416,1,F,66,60
417,1,M,68,60
418,28,M,32,30
419,64,F,28,20
420,18,M,20,20
421,54,M,33,30
422,69,M,52,50
423,37,M,41,40
424,1,M,51,50
425,25,M,50,50
426,72,M,62,60
427,72,F,57,50
428,47,F,79,70
429,50,F,17,10
430,39,M,78,70
431,24,F,72,70
432,59,F,46,40
433,62,M,43,40
434,70,F,55,50
435,20,M,31,30
436,2,M,43,40
437,11,F,79,70
438,32,M,60,60
439,51,F,30,30
440,15,F,28,20
441,1,M,39,30
442,1,F,27,20
443,1,M,27,20
444,74,F,39,30
445,1,F,51,50
446,1,M,46,40
447,23,M,52,50
448,77,F,28,20
450,25,M,45,40
451,12,M,19,10
452,55,F,45,40
453,67,M,29,20
454,38,F,49,40
455,68,M,78,70
456,25,M,58,50
457,70,M,48,40
458,68,M,37,30
459,32,F,31,30
461,68,F,28,20
462,14,M,28,20
463,38,M,54,50
464,24,F,39,30
465,5,M,47,40
466,1,F,51,50
467,1,M,48,40
468,72,M,39,30
469,59,F,28,20
470,30,F,44,40
471,44,M,21,20
472,36,M,17,10
473,1,F,59,50
474,46,M,49,40
476,1,F,52,50
477,1,M,44,40
478,21,M,20,20
479,11,M,51,50
480,11,F,52,50
481,69,M,71,70
482,69,F,64,60
483,1,M,54,50
484,28,F,39,30
485,32,M,20,20
486,68,M,54,50
487,1,F,77,70
488,1,M,81,80
489,41,M,58,50
490,55,M,48,40
491,63,M,32,30
492,72,M,63,60
493,41,F,56,50
494,1,M,18,10
495,49,F,61,60
496,70,F,47,40
497,74,M,45,40
498,74,F,50,50
499,18,F,63,60
500,1,M,27,20
501,62,M,61,60
502,6,M,79,70
503,73,M,39,30
504,36,M,19,10
505,13,M,21,20
506,75,M,52,50
507,75,M,44,40
508,53,M,27,20
509,73,M,18,10
510,12,M,22,20
511,9,M,39,30
512,60,F,33,30
513,8,F,24,20
514,8,M,30,30
515,1,M,66,60
516,1,F,68,60
517,63,M,33,30
518,54,F,19,10
519,18,M,18,10
520,46,F,51,50
521,69,M,23,20
522,1,F,42,40
523,38,M,76,70
524,30,F,35,30
525,30,M,29,20
526,43,M,35,30
527,43,F,32,30
528,37,M,21,20
529,69,M,20,20
530,29,F,41,40
531,27,M,22,20
532,27,F,18,10
533,54,F,57,50
534,74,M,41,40
535,26,M,61,60
536,47,M,59,50
537,1,M,64,60
538,5,F,50,50
540,19,M,77,70
541,19,F,71,70
542,59,F,77,70
543,11,F,40,40
544,63,M,50,50
545,75,F,25,20
546,7,M,45,40
547,54,M,49,40
548,49,M,61,60
550,7,M,37,30
551,47,F,22,20
552,1,F,64,60
553,1,M,57,50
554,30,F,73,70
555,30,M,72,70
556,29,M,52,50
557,51,M,59,50
558,43,F,78,70
559,32,F,26,20
560,71,F,31,30
561,74,F,36,30
562,49,F,23,20
563,72,F,37,30
564,72,M,43,40
565,64,F,39,30
566,47,F,52,50
567,47,M,48,40
568,8,F,38,30
569,73,M,36,30
570,61,F,57,50
571,3,M,74,70
572,3,F,78,70
573,69,M,31,30
574,1,M,26,20
575,58,M,28,20
576,58,F,24,20
577,1,F,35,30
578,23,F,21,20
579,72,F,65,60
581,70,F,49,40
582,1,M,48,40
583,75,F,34,30
584,33,F,22,20
585,40,F,56,50
586,40,M,51,50
587,25,F,53,50
588,61,F,38,30
589,45,M,37,30
590,44,M,49,40
591,65,F,24,20
592,26,M,33,30
593,60,F,44,40
596,69,M,50,50
597,55,M,55,50
598,1,M,28,20
599,1,F,21,20
601,56,M,32,30
602,56,F,33,30
603,13,F,32,30
604,1,F,33,30
605,1,F,28,20
606,10,F,49,40
607,64,M,34,30
608,67,M,26,20
609,52,M,36,30
610,74,F,19,10
611,36,M,46,40
612,36,F,38,30
613,1,F,21,20
614,14,F,51,50
615,68,F,49,40
616,58,M,24,20
617,70,M,24,20
618,57,F,66,60
619,6,M,78,70
620,6,F,80,80
621,54,M,59,50
622,74,F,67,60
623,24,M,73,70
624,24,F,66,60
625,60,F,20,20
626,9,M,18,10
627,17,M,26,20
628,17,F,28,20
629,16,M,22,20
630,61,M,46,40
631,70,F,42,40
632,67,M,52,50
633,67,F,60,60
635,17,F,71,70
636,17,M,63,60
637,39,F,28,20
638,54,F,37,30
639,31,M,20,20
640,26,M,19,10
641,40,F,36,30
642,40,M,35,30
643,1,F,49,40
644,35,F,37,30
645,14,M,73,70
646,34,F,76,70
647,34,M,69,60
648,70,F,63,60
649,13,F,20,20
651,54,F,22,20
652,61,M,60,60
653,1,F,68,60
654,64,F,56,50
655,32,M,56,50
656,1,M,42,40
657,8,F,72,70
658,8,M,72,70
659,24,M,33,30
660,16,M,75,70
661,16,F,80,80
662,5,M,53,50
663,24,M,76,70
664,77,F,18,10
665,62,F,66,60
666,26,M,16,10
667,26,F,17,10
668,1,F,56,50
669,12,F,42,40
670,1,M,39,30
671,10,F,27,20
672,46,F,69,60
673,36,M,59,50
674,11,F,71,70
675,50,M,23,20
676,70,M,45,40
677,5,M,35,30
678,39,F,65,60
679,8,M,58,50
680,8,F,58,50
681,15,M,21,20
682,18,M,19,10
683,76,F,53,50
684,3,F,22,20
685,72,F,68,60
686,32,F,27,20
687,32,M,23,20
688,1,M,44,40
689,70,M,34,30
690,38,M,56,50
691,38,F,55,50
692,74,F,62,60
693,74,M,63,60
694,29,M,62,60
695,28,M,43,40
696,28,F,47,40
697,1,M,25,20
698,75,M,44,40
699,26,F,76,70
700,12,M,69,60
702,31,F,30,30
703,4,M,39,30
704,54,M,24,20
705,19,M,60,60
706,1,M,50,50
707,1,M,57,50
708,50,F,21,20
709,1,M,64,60
710,23,M,73,70
711,48,F,35,30
712,54,M,36,30
713,20,F,18,10
714,31,M,28,20
715,1,F,46,40
716,1,F,44,40
717,54,M,30,30
718,54,F,38,30
719,46,M,24,20
720,29,M,44,40
721,43,M,58,50
722,62,F,28,20
723,12,F,41,40
724,65,F,45,40
725,75,M,42,40
726,16,M,63,60
727,32,F,68,60
728,32,M,66,60
729,63,F,29,20
730,63,M,25,20
731,74,F,19,10
732,74,M,20,20
733,46,M,20,20
734,46,F,13,10
735,1,M,25,20
736,1,F,21,20
737,74,M,46,40
738,25,M,78,70
739,72,M,56,50
740,55,M,75,70
741,74,M,57,50
742,1,F,47,40
743,1,M,57,50
744,26,M,58,50
745,52,F,32,30
746,52,M,36,30
747,24,F,45,40
748,25,M,62,60
749,25,F,65,60
750,70,F,42,40
751,70,M,39,30
752,72,M,54,50
753,72,F,58,50
754,63,F,51,50
755,72,M,51,50
756,31,M,78,70
757,71,F,28,20
758,68,F,37,30
759,29,M,43,40
760,57,F,62,60
762,21,M,61,60
763,75,F,71,70
764,49,F,43,40
765,65,M,29,20
766,1,F,72,70
767,1,M,75,70
768,32,F,67,60
769,40,M,21,20
772,64,M,54,50
773,4,M,63,60
774,70,M,25,20
775,51,F,58,50
776,1,F,45,40
777,1,M,37,30
778,13,M,58,50
779,69,F,54,50
780,3,M,74,70
781,72,M,53,50
782,5,F,35,30
783,27,F,27,20
784,27,M,34,30
785,63,M,64,60
786,53,M,20,20
787,3,M,51,50
788,47,M,24,20
789,4,M,67,60
790,63,F,31,30
791,68,F,48,40
793,21,M,20,20
794,21,F,19,10
796,1,M,79,70
797,8,M,50,50
798,27,F,58,50
799,27,M,62,60
803,35,M,47,40
804,35,F,42,40
806,60,M,18,10
807,53,F,29,20
808,31,M,35,30
809,49,M,79,70
810,58,F,53,50
811,58,M,58,50
812,39,M,58,50
813,70,M,34,30
814,19,M,40,40
815,22,F,34,30
816,17,F,41,40
818,54,M,32,30
819,74,M,40,40
820,74,F,38,30
821,49,M,50,50
822,37,F,39,30
823,41,M,42,40
824,27,M,46,40
825,74,M,21,20
826,1,M,20,20
827,10,F,33,30
828,10,M,40,40
829,24,M,41,40
830,69,M,50,50
831,2,M,50,50
832,67,F,75,70
833,5,M,38,30
834,54,M,76,70
835,28,F,55,50
836,28,M,50,50
837,71,M,24,20
838,71,F,30,30
839,47,F,43,40
840,20,M,61,60
841,69,M,17,10
842,12,F,65,60
843,54,F,41,40
844,22,M,54,50
845,22,F,45,40
846,35,M,50,50
847,49,M,19,10
849,26,F,59,50
850,19,M,29,20
851,25,M,79,70
852,25,F,82,80
853,70,M,49,40
854,72,F,57,50
855,58,M,68,60
856,23,M,79,70
857,32,M,50,50
858,47,F,39,30
859,1,F,30,30
860,1,M,31,30
861,1,F,42,40
862,30,M,46,40
863,54,F,30,30
864,11,M,45,40
865,11,F,52,50
866,38,F,23,20
870,70,M,41,40
871,76,M,24,20
872,35,M,35,30
873,60,M,54,50
874,14,F,46,40
875,14,M,42,40
876,1,M,38,30
877,5,F,71,70
878,5,M,78,70
879,38,F,55,50
880,49,M,38,30
881,5,F,23,20
882,70,F,65,60
883,75,F,78,70
884,75,M,80,80
885,34,M,75,70
886,34,M,50,50
887,66,F,25,20
888,28,M,25,20
889,54,F,17,10
890,77,M,79,70
891,33,M,67,60
892,42,F,76,70
893,43,F,63,60
894,75,M,64,60
895,39,M,28,20
896,36,F,25,20
897,36,M,17,10
898,38,F,55,50
899,38,M,54,50
900,73,M,21,20
901,39,M,79,70
902,23,M,48,40
903,31,M,64,60
904,1,M,66,60
905,38,M,58,50
906,65,M,20,20
907,51,M,50,50
908,51,F,37,30
909,23,M,23,20
910,1,M,37,30
911,43,M,59,50
912,76,M,78,70
913,1,M,60,60
914,1,F,78,70
915,12,M,23,20
916,3,M,40,40
917,25,F,25,20
918,26,M,34,30
921,7,F,44,40
922,22,F,26,20
923,22,M,20,20
924,1,M,45,40
925,54,M,39,30
926,1,M,17,10
927,1,M,24,20
928,66,F,47,40
929,30,M,63,60
930,68,F,39,30
931,16,M,30,30
932,3,M,51,50
933,33,F,20,20
934,33,M,16,10
935,42,F,52,50
936,42,M,55,50
937,1,M,67,60
938,59,F,54,50
939,21,M,46,40
940,53,M,38,30
941,10,M,63,60
942,12,F,67,60
943,12,M,62,60
944,39,M,28,20
945,39,F,21,20
946,54,M,47,40
948,49,M,74,70
949,3,M,22,20
950,76,F,33,30
951,76,M,38,30
952,63,F,48,40
953,25,M,61,60
954,1,F,56,50
955,57,M,28,20
956,1,M,32,30
957,56,F,57,50
958,56,M,56,50
959,11,F,36,30
960,16,F,41,40
961,15,F,67,60
962,19,M,32,30
963,64,F,32,30
964,10,F,45,40
965,13,F,26,20
966,13,M,20,20
967,76,M,19,10
968,69,M,41,40
970,36,M,41,40
971,46,F,80,80
972,46,M,81,80
973,14,F,28,20
974,14,M,35,30
975,1,F,39,30
976,16,F,43,40
977,76,F,72,70
978,56,F,30,30
979,56,M,32,30
980,40,M,37,30
981,5,M,38,30
984,20,M,49,40
985,20,F,52,50
986,74,M,43,40
987,60,M,46,40
988,40,F,60,60
989,40,M,65,60
990,71,M,37,30
991,32,M,57,50
992,19,M,50,50
993,44,F,29,20
994,36,M,27,20
995,36,F,25,20
996,1,F,18,10
997,59,M,48,40
998,59,F,45,40
999,74,F,33,30
1000,74,M,37,30
1001,44,M,51,50
1002,42,F,54,50
1003,31,F,61,60
1004,3,M,41,40
1006,46,F,56,50
1007,46,M,60,60
1008,6,M,42,40
1009,33,F,36,30
1010,33,M,43,40
1011,16,M,59,50
1012,70,F,32,30
1013,70,M,25,20
1014,1,M,67,60
1015,62,M,64,60
1016,62,F,58,50
1017,6,F,55,50
1018,53,M,53,50
1019,14,F,52,50
1020,72,F,21,20
1021,2,M,21,20
1022,31,M,58,50
1023,1,M,60,60
1024,25,M,42,40
1025,15,M,34,30
1026,57,M,19,10
1027,1,F,58,50
1028,1,M,64,60
1029,1,F,44,40
1030,1,M,51,50
1031,2,F,30,30
1032,1,F,60,60
1033,1,M,61,60
1034,52,F,24,20
1035,13,F,27,20
1036,13,M,22,20
1037,1,F,33,30
1038,69,F,37,30
1039,70,F,18,10
1040,1,M,38,30
1041,72,M,37,30
1042,17,F,32,30
1043,17,M,35,30
1044,9,F,27,20
1045,60,F,51,50
1046,1,M,23,20
1047,16,F,35,30
1048,70,F,24,20
1049,1,M,56,50
1050,27,F,28,20
1051,73,F,27,20
1052,56,M,34,30
1053,56,F,40,40
1054,63,M,74,70
1055,4,M,79,70
1056,1,M,35,30
1057,52,M,59,50
1058,9,F,23,20
1059,26,M,38,30
1060,26,F,41,40
1062,16,M,23,20
1063,16,F,22,20
1064,1,F,47,40
1065,2,M,41,40
1066,1,M,58,50
1067,1,M,46,40
1068,13,F,72,70
1069,54,F,60,60
1070,54,M,60,60
1071,43,M,73,70
1072,60,F,32,30
1073,34,M,74,70
1074,34,F,70,70
1075,65,F,64,60
1076,53,F,19,10
1077,46,M,78,70
1078,24,F,20,20
1079,3,M,37,30
1080,54,F,48,40
1081,71,M,28,20
1082,9,M,31,30
1083,48,M,61,60
1084,48,F,54,50
1085,60,F,66,60
1086,74,M,25,20
1087,74,F,20,20
1088,47,F,29,20
1089,1,M,59,50
1090,35,F,59,50
1091,59,F,58,50
1092,41,F,36,30
1093,62,F,22,20
1094,30,F,38,30
1095,30,M,44,40
1096,1,F,72,70
1097,1,M,68,60
1098,60,F,50,50
1099,65,F,19,10
1100,59,M,47,40
1101,74,M,52,50
1102,72,M,63,60
1103,1,M,47,40
1104,1,F,43,40
1105,56,M,56,50
1106,56,F,58,50
1107,60,M,37,30
1108,62,F,43,40
1109,58,F,68,60
1110,10,F,70,70
1111,61,M,19,10
1112,13,F,68,60
1113,11,M,22,20
1114,59,M,18,10
1115,36,F,78,70
1116,69,F,25,20
1117,20,F,22,20
1118,20,M,29,20
1119,54,F,18,10
1120,41,F,25,20
1121,59,M,59,50
1122,20,M,77,70
1123,20,F,76,70
1124,21,M,70,70
1125,9,F,64,60
1126,9,M,63,60
1127,23,M,24,20
1128,7,M,68,60
1129,43,M,67,60
1130,70,F,58,50
1131,55,F,51,50
1132,55,M,50,50
1133,37,F,40,40
1134,37,M,40,40
1135,8,M,46,40
1136,9,F,22,20
1137,1,F,21,20
1138,70,F,28,20
1139,70,M,25,20
1140,18,M,52,50
1141,21,F,57,50
1142,59,F,52,50
1143,59,M,52,50
1145,58,F,30,30
1146,54,M,33,30
1147,3,M,68,60
1148,41,M,57,50
1149,14,F,22,20
1150,74,F,53,50
1151,59,M,25,20
1152,74,M,17,10
1153,70,F,18,10
1154,72,M,74,70
1155,72,F,76,70
1156,1,F,65,60
1157,4,F,40,40
1158,1,F,44,40
1159,64,M,54,50
1160,64,F,60,60
1161,7,M,25,20
1162,26,F,23,20
1163,20,M,34,30
1164,15,F,39,30
1165,15,F,56,50
1166,74,M,39,30
1167,74,F,44,40
1168,19,M,20,20
1169,18,F,57,50
1170,12,M,21,20
1171,46,F,24,20
1172,54,F,75,70
1173,54,M,76,70
1174,29,F,28,20
1175,1,M,73,70
1176,1,F,80,80
1177,77,F,59,50
1178,1,F,27,20
1179,1,F,68,60
1180,21,M,54,50
1181,1,M,59,50
1182,66,F,52,50
1183,54,M,56,50
1186,2,F,51,50
1187,32,F,37,30
1188,32,M,30,30
1189,74,F,66,60
1190,15,F,22,20
1191,15,M,21,20
1192,10,F,74,70
1193,19,M,72,70
1194,17,F,59,50
1195,39,F,59,50
1196,22,M,55,50
1197,6,F,32,30
1198,72,F,23,20
1199,64,F,22,20
1200,47,F,67,60
1201,54,M,53,50
1202,47,F,18,10
1204,77,F,24,20
1206,50,M,41,40
1207,28,F,59,50
1208,70,F,23,20
1209,36,F,41,40
1210,6,M,37,30
1211,1,M,20,20
1212,13,F,71,70
1213,1,M,32,30
1214,61,M,58,50
1215,45,M,54,50
1216,65,F,53,50
1217,59,M,61,60
1218,74,M,18,10
1219,1,M,54,50
1220,40,F,45,40
1221,14,F,25,20
1222,7,F,59,50
1223,14,F,43,40
1224,56,M,60,60
1225,42,M,52,50
1226,33,F,47,40
1227,33,M,43,40
1228,21,F,49,40
1229,19,M,27,20
1231,20,F,33,30
1232,20,M,39,30
1233,68,M,56,50
1234,23,M,23,20
1235,23,F,19,10
1236,26,F,31,30
1237,57,M,75,70
1238,74,M,64,60
1239,11,F,22,20
1240,32,F,22,20
1241,73,F,56,50
1242,73,F,54,50
1243,11,F,24,20
1244,1,M,34,30
1245,64,M,19,10
1246,70,M,36,30
1247,70,F,29,20
1248,19,M,27,20
1250,43,F,47,40
1251,1,M,39,30
1252,1,F,45,40
1253,14,F,31,30
1254,3,F,59,50
1255,1,F,32,30
1256,46,F,43,40
1257,35,F,71,70
1258,35,M,74,70
1259,18,M,32,30
1260,57,F,53,50
1261,57,M,47,40
1262,35,M,46,40
1263,35,F,39,30
1264,61,F,22,20
1265,57,F,40,40
1266,71,F,46,40
1267,29,F,44,40
1268,29,M,49,40
1269,1,F,50,50
1270,13,M,68,60
1271,47,M,63,60
1272,8,M,54,50
1273,6,M,20,20
1274,44,M,22,20
1275,1,F,47,40
1276,68,F,56,50
1277,70,M,67,60
1278,72,M,20,20
1279,16,M,42,40
1280,34,M,46,40
1281,34,F,49,40
1282,52,M,62,60
1283,66,F,59,50
1284,66,M,55,50
1285,62,M,59,50
1286,52,F,48,40
1287,65,F,54,50
1288,73,M,26,20
1289,59,M,52,50
1290,35,M,22,20
1291,1,F,34,30
1292,14,M,21,20
1293,1,M,71,70
1294,1,F,68,60
1295,74,F,54,50
1296,55,F,40,40
1297,64,F,80,80
1298,64,M,77,70
1299,2,F,78,70
1300,45,M,19,10
1303,42,F,58,50
1304,37,M,62,60
1305,55,F,53,50
1306,32,F,76,70
1307,74,M,45,40
1308,69,M,44,40
1309,1,M,23,20
1310,41,F,21,20
1311,54,F,42,40
1312,35,F,63,60
1313,54,M,28,20
1314,54,F,23,20
1315,34,M,75,70
1316,67,F,52,50
1317,67,M,53,50
1318,47,M,67,60
1321,35,F,21,20
1322,4,F,53,50
1323,70,M,54,50
1324,66,F,42,40
1325,39,M,53,50
1326,55,F,42,40
1327,20,F,35,30
1328,42,F,61,60
1329,26,M,80,80
1330,66,M,30,30
1331,54,M,35,30
1332,5,F,41,40
1333,48,M,49,40
1334,8,M,20,20
1335,1,F,37,30
1336,1,M,36,30
1337,56,F,19,10
1338,56,M,15,10
1339,22,M,39,30
1340,68,F,59,50
1341,69,F,36,30
1343,1,F,59,50
1344,1,M,63,60
1345,32,M,30,30
1346,13,M,44,40
1347,13,M,28,20
1348,13,F,23,20
1349,26,F,30,30
1350,1,M,39,30
1351,1,F,47,40
1352,54,F,28,20
1353,27,M,39,30
1354,64,M,78,70
1355,35,F,23,20
1356,1,M,66,60
1359,1,F,47,40
1360,1,M,52,50
1361,1,F,76,70
1362,1,M,69,60
1363,6,F,19,10
1364,1,M,65,60
1365,1,F,60,60
1366,12,F,18,10
1367,60,F,33,30
1368,60,M,41,40
1369,41,M,20,20
1370,34,F,33,30
1371,49,F,50,50
1372,28,F,22,20
1373,74,F,23,20
1375,69,M,21,20
1376,18,M,40,40
1377,18,F,47,40
1378,74,F,57,50
1379,74,M,61,60
1380,44,F,45,40
1382,18,F,19,10
1383,29,M,16,10
1384,40,F,45,40
1385,22,M,45,40
1386,22,F,42,40
1387,1,F,21,20
1388,5,F,36,30
1389,43,F,71,70
1390,59,F,19,10
1391,41,M,33,30
1392,50,M,66,60
1393,50,F,65,60
1394,49,F,56,50
1395,49,M,57,50
1396,39,F,52,50
1397,66,F,77,70
1401,35,M,17,10
1402,44,M,62,60
1403,44,F,54,50
1404,11,F,30,30
1406,29,F,50,50
1407,29,M,57,50
1408,49,M,29,20
1409,25,M,47,40
1410,18,M,54,50
1411,18,F,59,50
1412,6,M,19,10
1413,11,F,29,20
1414,70,F,24,20
1416,19,M,71,70
1417,27,F,32,30
1418,41,F,24,20
1419,74,F,80,80
1420,74,M,83,80
1421,20,F,42,40
1422,69,F,22,20
1423,69,M,16,10
1424,8,M,46,40
1425,12,M,30,30
1426,12,F,34,30
1427,14,F,33,30
1428,12,M,78,70
1429,12,F,71,70
1430,64,F,16,10
1431,55,F,68,60
1432,16,F,37,30
1433,72,F,39,30
1434,72,M,31,30
1435,52,M,45,40
1438,29,F,35,30
1439,29,M,24,20
1440,1,M,20,20
1441,42,F,67,60
1442,42,M,65,60
1443,29,M,63,60
1444,29,F,56,50
1445,68,M,57,50
1446,70,M,44,40
1447,70,F,46,40
1448,50,F,41,40
1449,41,M,49,40
1450,61,F,29,20
1452,72,F,58,50
1453,29,F,32,30
1454,73,M,73,70
1455,73,F,71,70
1456,70,M,70,70
1457,70,F,64,60
1458,67,M,60,60
1459,4,M,22,20
1460,23,F,65,60
1461,28,M,29,20
1462,49,M,57,50
1463,70,F,62,60
1464,36,F,71,70
1465,36,M,67,60
1466,39,M,45,40
1467,65,M,74,70
1468,77,F,58,50
1469,54,F,32,30
1470,1,M,56,50
1471,1,F,60,60
1472,1,F,31,30
1473,1,F,67,60
1474,45,F,27,20
1475,19,M,66,60
1476,70,M,28,20
1478,4,M,29,20
1479,1,M,42,40
1480,69,M,55,50
1481,62,F,65,60
1482,46,F,48,40
1483,1,F,47,40
1484,1,M,46,40
1485,7,M,20,20
1486,7,F,24,20
1487,48,F,22,20
1488,31,M,37,30
1489,6,M,70,70
1490,42,M,70,70
1491,19,M,16,10
1492,9,F,30,30
1493,1,M,76,70
1494,1,F,83,80
1495,1,F,67,60
1496,1,F,56,50
1497,53,F,50,50
1498,53,M,57,50
1499,74,F,47,40
1500,1,M,17,10
1501,68,M,52,50
1502,68,M,25,20
1503,58,M,77,70
1504,58,F,81,80
1505,65,F,27,20
1506,22,M,67,60
1507,22,F,69,60
1508,67,F,44,40
1509,62,F,56,50
1510,34,F,50,50
1511,13,F,36,30
1512,5,F,56,50
1513,74,M,39,30
1514,68,M,41,40
1516,38,F,52,50
1517,66,M,42,40
1518,3,F,38,30
1519,3,M,39,30
1520,72,M,42,40
1521,5,M,19,10
1522,52,F,30,30
1523,29,F,67,60
1524,30,F,36,30
1525,1,M,55,50
1526,1,F,63,60
1527,49,M,64,60
1528,57,M,34,30
1529,43,F,26,20
1530,74,F,53,50
1531,52,F,38,30
1532,52,M,36,30
1533,55,M,38,30
1534,17,F,46,40
1535,40,M,62,60
1536,37,F,31,30
1537,54,M,19,10
1539,32,M,75,70
1540,36,M,61,60
1541,36,F,65,60
1542,31,M,79,70
1543,31,F,71,70
1546,28,M,68,60
1547,28,F,71,70
1548,70,M,75,70
1549,70,F,70,70
1550,8,F,52,50
1554,55,M,54,50
1555,30,M,48,40
1556,66,M,48,40
1557,35,F,39,30
1558,11,F,71,70
1559,72,M,58,50
1561,1,F,75,70
1562,1,M,79,70
1563,3,M,20,20
1564,40,F,51,50
1565,71,M,38,30
1566,15,F,32,30
1567,50,M,68,60
1568,50,F,71,70
1569,54,F,42,40
1570,54,M,40,40
1571,7,F,31,30
1572,1,F,35,30
1574,18,M,19,10
1575,55,F,75,70
1576,55,M,79,70
1577,23,M,54,50
1578,40,F,27,20
1579,27,M,35,30
1580,1,F,30,30
1581,56,F,35,30
1582,54,M,64,60
1583,1,F,26,20
1584,1,F,36,30
1585,60,M,63,60
1586,60,F,64,60
1587,23,M,70,70
1588,45,M,48,40
1589,48,F,47,40
1590,13,F,58,50
1591,42,F,45,40
1592,56,M,70,70
1593,56,F,73,70
1594,56,M,59,50
1595,56,F,44,40
1596,58,F,20,20
1597,60,M,42,40
1598,67,M,73,70
1599,43,M,34,30
1600,43,F,33,30
1601,42,F,29,20
1602,42,M,30,30
1603,26,M,30,30
1604,26,F,29,20
1605,52,F,18,10
1606,65,M,16,10
1607,8,F,57,50
1608,53,M,57,50
1609,53,F,54,50
1610,68,F,56,50
1611,59,F,35,30
1612,59,M,39,30
1613,50,M,37,30
1614,21,M,60,60
1615,74,F,46,40
1616,54,M,60,60
1617,5,F,48,40
1618,17,F,19,10
1619,74,F,56,50
1620,74,M,62,60
1621,76,F,46,40
1622,52,M,48,40
1623,36,M,35,30
1624,9,M,33,30
1625,9,F,25,20
1628,12,F,41,40
1629,28,M,33,30
1630,28,F,34,30
1631,74,M,22,20
1632,8,F,55,50
1633,55,F,26,20
1634,55,M,29,20
1635,75,F,68,60
1636,75,M,66,60
1637,21,M,55,50
1638,40,F,44,40
1639,1,F,40,40
1640,51,F,45,40
1641,31,F,75,70
1642,1,F,39,30
1643,39,F,22,20
1644,56,M,22,20
1645,39,F,37,30
1646,8,M,32,30
1647,71,F,20,20
1648,46,M,46,40
1649,46,F,48,40
1650,1,M,45,40
1651,11,F,32,30
1653,42,M,54,50
1654,60,M,35,30
1655,74,M,26,20
1656,22,F,30,30
1657,32,M,63,60
1658,52,F,69,60
1659,1,F,61,60
1660,1,F,16,10
1661,47,F,45,40
1662,53,M,31,30
1663,19,M,41,40
1664,64,F,80,80
1665,64,M,86,80
1666,1,M,57,50
1667,1,F,58,50
1668,20,F,49,40
1669,47,M,46,40
1670,53,M,37,30
1671,57,F,67,60
1672,57,M,70,70
1673,48,M,26,20
1674,11,F,78,70
1675,74,M,58,50
1676,53,M,45,40
1677,53,F,52,50
1679,67,F,56,50
1680,29,F,23,20
1681,34,M,58,50
1682,69,M,42,40
1683,15,F,47,40
1684,15,M,52,50
1685,61,F,54,50
1686,1,F,51,50
1687,1,M,51,50
1688,32,M,75,70
1689,1,M,62,60
1690,46,F,51,50
1691,21,F,20,20
1692,62,M,26,20
1693,45,F,18,10
1694,45,M,19,10
1696,1,F,75,70
1697,55,F,34,30
1698,55,M,31,30
1699,17,M,43,40
1700,7,M,49,40
1701,7,F,53,50
1702,53,F,25,20
1703,50,M,80,80
1704,50,F,84,80
1705,19,F,53,50
1706,19,M,54,50
1707,10,M,47,40
1709,74,F,46,40
1710,54,M,54,50
1711,64,F,36,30
1712,64,M,35,30
1713,65,M,63,60
1714,58,M,53,50
1717,73,F,19,10
1718,75,M,60,60
1719,35,M,28,20
1720,33,F,64,60
1721,33,M,64,60
1722,68,M,66,60
1723,71,F,17,10
1724,68,F,64,60
1725,76,F,39,30
1726,76,M,46,40
1727,32,M,47,40
1728,32,F,52,50
1729,76,M,51,50
1730,40,M,66,60
1731,17,F,30,30
1733,57,F,24,20
1734,26,M,23,20
1735,26,F,22,20
1736,41,F,19,10
1737,27,M,43,40
1738,27,F,35,30
1741,70,M,66,60
1742,1,M,44,40
1743,3,M,39,30
1744,50,F,29,20
1745,23,F,39,30
1746,11,F,39,30
1747,11,M,42,40
1748,64,M,22,20
1749,50,F,70,70
1750,23,M,34,30
1751,54,M,39,30
1752,70,M,20,20
1753,60,F,19,10
1754,57,M,19,10
1755,65,F,33,30
1756,1,M,62,60
1757,1,F,61,60
1758,35,M,51,50
1759,63,F,76,70
1760,77,M,75,70
1761,45,M,50,50
1762,61,M,42,40
1763,46,M,31,30
1764,66,M,27,20
1765,9,M,23,20
1768,29,M,47,40
1769,12,M,49,40
1770,12,F,47,40
1771,54,F,71,70
1772,73,F,19,10
1774,32,F,27,20
1775,73,M,55,50
1776,30,F,44,40
1777,69,F,35,30
1778,69,M,30,30
1779,37,M,63,60
1780,54,F,44,40
1781,67,M,74,70
1782,19,M,50,50
1783,1,F,52,50
1784,2,F,18,10
1785,39,M,23,20
1786,63,F,64,60
1787,63,M,67,60
1788,1,M,48,40
1789,61,F,65,60
1790,1,M,45,40
1791,5,F,32,30
1792,54,M,23,20
1793,41,F,53,50
1794,54,F,58,50
1795,38,F,38,30
1796,10,M,60,60
1797,10,F,57,50
1798,70,M,65,60
1799,36,M,39,30
1800,63,F,55,50
1801,66,M,29,20
1802,66,F,34,30
1803,25,F,52,50
1806,5,M,46,40
1807,47,M,63,60
1808,47,F,65,60
1809,24,M,67,60
1810,41,M,79,70
1811,1,M,59,50
1812,36,F,51,50
1813,36,M,49,40
1814,57,M,58,50
1815,16,F,21,20
1816,62,M,47,40
1817,47,F,45,40
1818,47,M,42,40
1819,43,F,19,10
1820,50,F,70,70
1821,1,M,57,50
1822,71,F,76,70
1823,1,F,20,20
1824,69,M,38,30
1825,51,F,24,20
1826,13,M,61,60
1827,13,F,57,50
1828,69,M,36,30
1829,51,F,56,50
1830,33,M,46,40
1831,51,M,22,20
1832,1,F,32,30
1833,30,M,32,30
1834,7,M,71,70
1835,7,F,70,70
1836,36,F,54,50
1837,67,M,41,40
1838,67,F,39,30
1839,5,F,62,60
1840,5,M,63,60
1841,67,F,45,40
1842,9,M,55,50
1843,48,F,59,50
1844,74,F,76,70
1845,74,M,80,80
1846,48,M,18,10
1847,52,F,19,10
1848,6,F,74,70
1849,57,F,76,70
1850,52,F,56,50
1851,31,F,23,20
1852,50,M,36,30
1853,1,M,33,30
1854,70,F,66,60
1856,54,F,30,30
1857,54,M,34,30
1860,1,F,34,30
1861,29,M,41,40
1862,50,F,21,20
1863,54,M,46,40
1864,22,M,50,50
1865,22,F,49,40
1866,64,F,56,50
1867,1,F,54,50
1868,60,M,18,10
1869,1,F,65,60
1870,1,M,63,60
1871,1,F,18,10
1872,52,F,35,30
1873,52,M,30,30
1874,1,M,52,50
1875,15,M,22,20
1876,1,M,48,40
1877,47,F,41,40
1878,47,M,35,30
1879,21,F,54,50
1880,1,M,24,20
1881,72,M,64,60
1882,72,F,66,60
1883,18,F,37,30
1884,59,F,22,20
1885,47,F,28,20
1886,34,M,78,70
1887,54,M,72,70
1888,66,F,80,80
1889,32,F,41,40
1890,14,F,43,40
1891,62,F,39,30
1892,66,M,70,70
1893,66,F,64,60
1894,1,F,51,50
1895,47,F,33,30
1896,48,M,16,10
1897,36,F,29,20
1898,73,M,38,30
1899,10,M,57,50
1900,23,M,33,30
1901,23,F,36,30
1903,1,F,59,50
1904,66,M,57,50
1905,72,F,49,40
1906,63,M,76,70
1907,75,F,70,70
1908,33,M,79,70
1909,35,F,54,50
1910,67,M,52,50
1911,48,F,60,60
1912,57,M,26,20
1913,69,M,30,30
1914,39,F,56,50
1915,39,M,59,50
1916,28,M,72,70
1917,69,F,29,20
1919,30,M,49,40
1920,42,M,23,20
1921,1,F,52,50
1922,1,M,49,40
1923,1,F,40,40
1924,67,M,60,60
1925,37,M,60,60
1926,37,F,63,60
1927,77,M,46,40
1928,77,F,46,40
1929,65,F,43,40
1930,38,F,64,60
1931,16,F,56,50
1932,15,F,58,50
1934,70,F,65,60
1935,68,F,69,60
1936,15,F,43,40
1937,15,M,38,30
1938,57,F,59,50
1939,1,M,73,70
1940,1,F,75,70
1941,10,F,77,70
1942,10,M,83,80
1943,39,M,72,70
1944,31,F,41,40
1945,54,M,44,40
1946,72,M,63,60
1947,23,M,17,10
1948,71,F,59,50
1949,71,M,56,50
1950,26,M,69,60
1951,41,M,27,20
1952,52,F,27,20
1953,52,M,33,30
1954,69,M,46,40
1955,66,F,27,20
1956,1,F,73,70
1957,63,M,26,20
1958,63,F,21,20
1959,1,M,78,70
1960,22,M,52,50
1961,31,F,78,70
1962,6,M,48,40
1963,38,M,53,50
1964,17,M,67,60
1965,75,M,59,50
1966,19,F,51,50
1967,1,F,35,30
1968,1,M,38,30
1969,53,F,72,70
1970,1,F,51,50
1971,3,F,29,20
1972,1,F,52,50
1973,60,F,67,60
1974,10,M,80,80
1975,10,F,83,80
1976,72,M,80,80
1977,10,F,63,60
1978,18,F,46,40
1979,51,F,72,70
1980,77,M,39,30
1981,19,F,28,20
1982,53,M,21,20
1983,53,F,16,10
1984,1,M,72,70
1985,6,M,61,60
1986,6,F,56,50
1988,13,M,46,40
1989,50,F,60,60
1990,50,M,55,50
1991,64,M,80,80
1993,1,M,23,20
1994,1,F,31,30
1995,50,F,57,50
1996,1,M,61,60
1997,1,F,21,20
1998,40,F,20,20
1999,74,F,16,10
2000,39,F,56,50
2001,34,F,21,20
2002,70,F,80,80
2003,70,M,77,70
2004,1,F,24,20
2005,30,M,19,10
2006,41,F,36,30
2007,41,M,40,40
2008,47,M,58,50
2009,12,M,63,60
2010,37,M,46,40
2011,46,F,73,70
2012,46,M,75,70
2013,1,F,58,50
2015,1,F,30,30
2016,55,M,64,60
2017,55,F,67,60
2018,56,F,53,50
2019,73,M,66,60
2020,73,F,73,70
2021,67,M,79,70
2022,56,M,59,50
2023,56,F,67,60
2024,62,M,64,60
2025,39,M,57,50
2026,39,F,64,60
2027,12,M,68,60
2028,12,F,74,70
2029,5,F,75,70
2030,5,F,18,10
2031,54,M,72,70
2032,1,M,55,50
2033,1,F,61,60
2034,13,M,72,70
2035,13,F,70,70
2037,69,F,50,50
2038,1,F,18,10
2039,68,F,29,20
2040,59,M,54,50
2041,68,M,42,40
2042,49,M,16,10
2043,77,F,44,40
2044,32,F,37,30
2045,28,M,42,40
2046,28,F,46,40
2047,11,F,55,50
2048,23,F,70,70
2049,70,M,71,70
2050,70,F,66,60
2051,74,F,80,80
2052,74,M,84,80
2053,16,M,80,80
2054,48,M,50,50
2055,56,F,22,20
2056,1,M,20,20
2057,6,F,22,20
2058,76,M,27,20
2059,43,M,26,20
2060,43,F,27,20
2061,63,M,45,40
2062,63,F,44,40
2063,68,F,48,40
2064,53,M,72,70
2065,64,M,20,20
2066,1,M,26,20
2067,56,M,19,10
2068,72,F,68,60
2069,70,F,76,70
2070,70,F,26,20
2071,1,M,25,20
2072,75,F,54,50
2073,22,M,42,40
2074,24,F,37,30
2075,74,M,76,70
2076,63,F,41,40
2077,44,F,69,60
2078,10,F,20,20
2079,72,F,73,70
2080,60,M,35,30
2081,46,F,26,20
2082,67,M,65,60
2083,71,M,55,50
2084,1,F,69,60
2085,1,M,70,70
2086,35,F,44,40
2087,68,M,21,20
2088,32,F,50,50
2089,70,F,31,30
2090,70,M,28,20
2091,48,F,71,70
2092,72,M,53,50
2093,48,M,28,20
2094,48,F,23,20
2095,9,M,24,20
2096,74,F,24,20
2097,53,M,62,60
2098,53,F,59,50
2099,1,M,81,80
2100,33,F,67,60
2101,33,M,63,60
2102,51,M,57,50
2103,18,F,54,50
2104,37,M,50,50
2105,42,F,51,50
2106,74,F,77,70
2107,74,M,75,70
2108,77,F,53,50
2109,15,F,48,40
2110,3,F,31,30
2111,57,F,74,70
2112,21,M,71,70
2113,68,M,61,60
2114,51,M,80,80
2115,51,F,85,80
2116,76,M,68,60
2117,53,M,53,50
2118,1,M,28,20
2119,30,F,38,30
2121,64,M,19,10
2122,1,F,28,20
2123,53,M,16,10
2124,68,F,49,40
2125,71,M,23,20
2126,52,F,23,20
2128,38,F,43,40
2129,75,M,36,30
2130,21,F,53,50
2131,39,F,23,20
2132,39,M,29,20
2133,53,F,77,70
2134,53,M,81,80
2135,24,F,58,50
2136,28,F,58,50
2137,73,F,36,30
2138,68,M,18,10
2139,18,F,66,60
2140,18,M,72,70
2141,28,M,47,40
2142,21,F,57,50
2143,21,M,50,50
2144,15,F,38,30
2145,39,F,30,30
2146,65,M,25,20
2147,69,F,35,30
2148,31,F,45,40
2149,33,F,75,70
2150,61,M,57,50
2151,61,F,53,50
2152,17,F,69,60
2153,36,F,49,40
2154,60,F,41,40
2155,15,M,40,40
2156,33,F,32,30
2157,11,M,53,50
2158,10,M,17,10
2159,74,F,68,60
2160,70,M,53,50
2161,1,F,78,70
2162,1,M,85,80
2163,52,M,80,80
2164,47,M,57,50
2165,47,F,53,50
2166,30,F,51,50
2167,1,M,17,10
2168,46,F,35,30
2169,46,M,28,20
2170,70,M,56,50
2171,1,M,40,40
2172,7,F,69,60
2173,56,F,47,40
2174,74,F,46,40
2175,53,F,56,50
2176,18,M,52,50
2177,24,F,56,50
2178,46,M,59,50
2179,9,F,59,50
2180,51,F,26,20
2181,46,M,30,30
2182,75,F,70,70
2183,75,M,67,60
2184,24,M,28,20
2185,20,F,41,40
2186,48,F,56,50
2187,40,M,65,60
2188,40,F,73,70
2189,21,F,36,30
2190,28,M,24,20
2191,28,F,19,10
2192,1,F,42,40
2193,1,M,46,40
2194,50,F,37,30
2195,68,F,56,50
2196,31,F,43,40
2197,47,F,36,30
2198,17,F,78,70
2199,17,M,87,80
2200,66,M,45,40
2201,44,M,69,60
2202,44,F,70,70
2203,10,M,60,60
2204,54,F,52,50
2205,55,M,46,40
2206,10,F,34,30
2207,70,F,37,30
2208,70,M,39,30
2209,30,F,71,70
2210,30,M,65,60
2211,3,F,78,70
2212,52,M,26,20
2213,3,M,30,30
2214,5,M,52,50
2215,10,M,73,70
2216,1,F,26,20
2217,1,M,24,20
2218,43,M,30,30
2219,43,F,34,30
2220,20,F,46,40
2221,20,M,53,50
2222,1,F,64,60
2223,70,F,55,50
2224,54,M,66,60
2225,4,F,38,30
2226,74,F,34,30
2227,42,M,23,20
2228,43,F,58,50
2229,68,M,54,50
2230,5,M,29,20
2231,21,F,27,20
2232,36,M,31,30
2233,36,F,34,30
2235,14,F,58,50
2236,44,F,20,20
2237,47,M,40,40
2238,47,F,44,40
2239,6,F,22,20
2240,47,F,66,60
2241,47,M,72,70
2242,1,F,22,20
2243,1,M,18,10
2246,55,F,46,40
2247,35,F,20,20
2248,7,M,23,20
2249,32,F,53,50
2250,34,F,60,60
2251,26,F,27,20
2252,37,M,33,30
2253,37,F,41,40
2254,72,F,71,70
2255,50,F,75,70
2256,70,M,24,20
2257,62,F,19,10
2258,62,M,19,10
2259,19,F,48,40
2260,62,F,36,30
2261,62,M,42,40
2263,1,M,64,60
2264,4,M,55,50
2265,52,M,21,20
2266,16,M,59,50
2267,1,F,32,30
2268,10,M,60,60
2269,48,F,35,30
2270,61,F,38,30
2271,61,M,34,30
2274,9,M,34,30
2275,9,F,33,30
2276,44,F,66,60
2277,1,M,19,10
2278,76,M,78,70
2279,52,M,45,40
2280,10,F,24,20
2281,76,F,20,20
2282,60,M,25,20
2283,1,M,37,30
2286,54,F,32,30
2287,47,M,19,10
2288,32,F,41,40
2289,32,M,44,40
2290,31,F,44,40
2291,6,M,41,40
2292,59,M,77,70
2293,1,M,29,20
2294,32,F,46,40
2295,22,F,59,50
2296,22,M,56,50
2297,48,M,33,30
2298,48,F,29,20
2299,6,F,58,50
2300,35,F,37,30
2301,35,M,38,30
2302,74,M,41,40
2303,61,F,60,60
2304,61,M,59,50
2305,70,F,49,40
2306,70,M,55,50
2307,26,M,75,70
2308,27,F,24,20
2309,15,F,22,20
2310,40,M,59,50
2311,40,F,64,60
2312,11,F,23,20
2313,70,M,18,10
2314,34,F,39,30
2315,34,M,35,30
2316,1,M,28,20
2317,1,M,22,20
2318,20,F,75,70
2319,40,F,28,20
2320,60,M,47,40
2321,68,F,30,30
2322,15,M,70,70
2323,48,F,56,50
2324,27,M,20,20
2325,2,F,43,40
2326,72,F,53,50
2327,73,M,79,70
2328,24,M,30,30
2329,18,M,25,20
2330,40,F,50,50
2331,42,F,41,40
2332,60,F,49,40
2333,60,M,49,40
2335,66,F,64,60
2336,12,M,76,70
2337,12,F,81,80
2338,58,F,41,40
2339,58,M,42,40
2340,42,M,45,40
2341,42,F,51,50
2342,70,M,50,50
2343,1,M,39,30
2344,3,F,74,70
2345,33,M,56,50
2346,33,F,51,50
2347,35,F,55,50
2348,35,M,65,60
2349,46,F,30,30
2350,46,M,31,30
2351,38,M,33,30
2352,70,F,21,20
2353,4,F,69,60
2354,1,M,31,30
2355,6,F,50,50
2356,52,M,68,60
2357,52,F,61,60
2358,74,F,52,50
2359,74,M,46,40
2361,9,M,30,30
2362,9,F,24,20
2363,43,M,51,50
2364,56,F,27,20
2365,46,F,45,40
2366,35,M,69,60
2367,35,F,67,60
2368,64,F,55,50
2369,64,M,58,50
2370,41,F,42,40
2371,70,F,42,40
2372,23,F,27,20
2373,15,M,44,40
2374,9,M,30,30
2375,72,F,33,30
2376,72,M,34,30
2377,49,M,48,40
2378,63,F,45,40
2379,33,F,34,30
2380,40,M,71,70
2381,40,F,67,60
2382,62,F,71,70
2383,31,F,52,50
2384,31,M,52,50
2385,13,M,65,60
2386,13,F,64,60
2387,77,F,53,50
2388,42,M,27,20
2389,25,M,74,70
2390,57,M,60,60
2391,1,M,56,50
2392,26,M,43,40
2393,16,F,22,20
2394,5,M,36,30
2395,8,M,45,40
2396,41,F,49,40
2397,46,M,80,80
2398,71,F,43,40
2399,42,F,55,50
2400,19,M,39,30
2401,26,F,50,50
2402,41,M,50,50
2403,1,F,35,30
2404,27,F,21,20
2405,27,M,23,20
2406,49,F,42,40
2407,51,M,23,20
2408,6,F,58,50
2409,54,M,34,30
2410,73,F,25,20
2411,73,M,30,30
2412,20,M,18,10
2413,46,M,37,30
2414,54,F,48,40
2415,54,M,41,40
2416,72,F,44,40
2417,48,F,60,60
2418,1,F,45,40
2419,1,F,44,40
2420,48,F,26,20
2421,48,M,28,20
2422,68,F,22,20
2423,42,M,41,40
2424,54,M,78,70
2425,6,F,21,20
2426,74,M,71,70
2427,74,F,64,60
2428,1,F,52,50
2429,70,M,25,20
2430,5,M,61,60
2431,75,M,32,30
2432,27,F,74,70
2433,32,M,34,30
2434,42,F,53,50
2435,16,F,55,50
2436,25,F,64,60
2437,45,M,62,60
2438,52,F,52,50
2439,52,M,54,50
2440,17,M,63,60
2441,1,M,70,70
2442,1,F,71,70
2443,75,M,49,40
2444,4,M,64,60
2445,54,M,29,20
2447,68,M,26,20
2448,68,F,28,20
2449,1,M,31,30
2450,54,F,23,20
2451,42,M,59,50
2452,64,F,46,40
2453,13,M,75,70
2454,69,F,58,50
2455,72,M,79,70
2456,72,F,75,70
2457,68,M,58,50
2458,68,F,66,60
2459,20,F,24,20
2460,19,F,35,30
2461,64,M,31,30
2462,19,M,64,60
2463,7,M,54,50
2464,30,M,54,50
2465,51,M,25,20
2467,36,F,52,50
2468,71,M,33,30
2469,54,F,41,40
2470,53,M,55,50
2471,53,F,56,50
2472,70,F,22,20
2473,20,F,22,20
2474,42,M,41,40
2475,44,F,16,10
2476,75,F,41,40
2477,75,M,46,40
2478,48,F,58,50
2479,31,F,39,30
2480,46,F,22,20
2481,6,M,50,50
2482,34,M,73,70
2483,34,F,69,60
2484,68,M,29,20
2485,20,M,65,60
2486,76,F,37,30
2487,67,F,31,30
2488,9,F,18,10
2489,64,F,23,20
2490,61,F,37,30
2491,5,F,59,50
2492,5,M,55,50
2493,1,M,36,30
2494,37,M,27,20
2495,58,F,59,50
2496,1,M,26,20
2497,34,F,36,30
2498,37,M,18,10
2499,13,M,54,50
2500,24,F,52,50
2501,70,F,58,50
2502,1,F,63,60
2503,54,F,21,20
2504,61,M,48,40
2505,25,F,38,30
2506,76,M,22,20
2507,37,F,46,40
2508,72,F,33,30
2509,72,M,27,20
2510,72,F,39,30
2511,35,F,23,20
2512,35,M,24,20
2513,41,M,57,50
2514,59,M,41,40
2515,12,M,40,40
2516,33,F,56,50
2517,18,M,74,70
2518,18,F,77,70
2519,29,F,28,20
2520,62,M,54,50
2521,55,F,51,50
2522,74,M,61,60
2523,74,F,61,60
2524,36,M,39,30
2525,36,F,46,40
2526,1,M,34,30
2527,44,F,51,50
2528,25,M,21,20
2529,70,M,59,50
2530,8,M,48,40
2531,5,F,44,40
2532,29,M,61,60
2533,40,F,69,60
2534,1,M,55,50
2535,1,M,53,50
2536,64,M,37,30
2537,73,M,41,40
2538,56,M,18,10
2539,32,F,26,20
2540,46,M,17,10
2542,3,M,54,50
2543,3,F,46,40
2545,9,F,45,40
2546,41,F,37,30
2547,48,F,45,40
2548,48,M,45,40
2549,70,F,75,70
2550,1,F,22,20
2551,70,F,59,50
2552,74,F,34,30
2553,34,M,22,20
2554,64,M,57,50
2555,42,M,35,30
2556,44,F,47,40
2557,7,M,41,40
2558,30,M,39,30
2559,8,F,33,30
2560,70,F,24,20
2561,48,M,53,50
2562,42,M,47,40
2563,74,M,27,20
2565,64,M,52,50
2566,29,F,35,30
2567,64,M,55,50
2568,64,F,60,60
2569,69,M,51,50
2570,69,F,51,50
2571,43,F,19,10
2572,1,M,45,40
2573,1,F,33,30
2574,29,F,66,60
2576,46,F,19,10
2577,70,M,80,80
2578,76,M,44,40
2579,11,F,63,60
2580,11,M,63,60
2581,52,F,45,40
2582,51,M,60,60
2583,75,M,61,60
2584,4,F,54,50
2585,75,F,27,20
2586,8,M,32,30
2587,8,F,25,20
2588,33,M,40,40
2589,21,M,35,30
2590,42,F,34,30
2591,42,M,38,30
2592,1,F,18,10
2593,1,M,21,20
2594,55,M,35,30
2596,31,M,37,30
2597,28,F,29,20
2598,28,M,33,30
2599,1,M,52,50
2600,7,F,75,70
2601,37,M,37,30
2602,37,F,32,30
2603,38,F,26,20
2604,22,M,72,70
2605,22,F,73,70
2606,31,M,55,50
2607,63,M,55,50
2608,58,F,55,50
2609,1,M,21,20
2610,1,F,18,10
2611,77,M,60,60
2612,38,M,23,20
2613,1,M,21,20
2614,72,M,52,50
2615,64,F,53,50
2616,50,M,28,20
2617,50,F,36,30
2618,17,M,56,50
2619,63,F,29,20
2620,63,M,30,30
2621,51,M,42,40
2622,71,M,25,20
2623,16,F,33,30
2625,57,M,26,20
2626,1,M,58,50
2628,1,F,67,60
2629,1,M,67,60
2630,64,F,61,60
2631,18,M,28,20
2632,18,F,35,30
2633,1,F,31,30
2635,67,F,32,30
2636,28,M,80,80
2637,64,M,63,60
2638,1,M,56,50
2639,45,F,48,40
2640,45,M,47,40
2642,22,M,25,20
2643,54,F,52,50
2644,6,F,34,30
2645,67,M,78,70
2646,63,F,61,60
2647,9,M,58,50
2648,9,F,64,60
2650,75,M,23,20
2651,75,F,29,20
2652,41,F,49,40
2653,1,M,48,40
2654,59,F,59,50
2655,44,M,35,30
2656,54,M,43,40
2657,73,M,50,50
2658,11,M,65,60
2659,46,M,57,50
2661,1,F,37,30
2662,1,M,20,20
2663,8,M,22,20
2666,47,F,63,60
2667,9,M,27,20
2668,9,F,23,20
2669,51,M,71,70
2670,45,M,62,60
2671,35,F,26,20
2672,7,F,58,50
2673,65,M,39,30
2674,65,F,46,40
2675,31,M,74,70
2676,61,M,38,30
2677,33,M,76,70
2678,33,F,80,80
2679,1,M,60,60
2680,1,F,53,50
2681,45,F,27,20
2682,45,M,23,20
2683,48,F,69,60
2684,74,F,45,40
2685,73,F,29,20
2686,19,F,47,40
2687,19,M,49,40
2688,60,F,31,30
2689,16,M,76,70
2690,58,F,27,20
2691,47,M,34,30
2692,44,M,73,70
2693,46,F,22,20
2694,15,F,71,70
2695,15,M,69,60
2696,2,M,51,50
2697,2,F,50,50
2698,31,F,28,20
2699,31,M,21,20
2700,34,M,53,50
2701,1,M,46,40
2702,7,M,79,70
2703,2,F,25,20
2704,1,F,49,40
2705,43,M,74,70
2706,3,M,31,30
2707,45,M,29,20
2708,73,M,40,40
2709,26,M,52,50
2712,25,M,42,40
2713,36,M,36,30
2714,6,F,28,20
2715,7,M,41,40
2716,25,F,29,20
2717,46,M,68,60
2718,46,F,66,60
2719,29,F,34,30
2720,1,F,49,40
2721,24,F,48,40
2724,35,M,24,20
2726,1,F,25,20
2727,1,M,30,30
2728,74,M,76,70
2729,1,M,32,30
2730,52,M,51,50
2731,38,M,71,70
2732,57,F,45,40
2733,3,F,71,70
2734,3,M,64,60
2735,64,M,70,70
2736,1,F,40,40
2738,1,M,47,40
2739,13,M,48,40
2740,36,F,31,30
2741,41,F,68,60
2742,65,F,50,50
2743,50,F,59,50
2744,50,M,55,50
2745,54,F,59,50
2746,1,M,27,20
2747,6,M,62,60
2748,6,F,62,60
2749,14,F,77,70
2750,14,M,85,80
2751,68,F,41,40
2752,48,M,27,20
2754,66,F,20,20
2755,1,F,28,20
2756,31,F,79,70
2758,1,M,52,50
2759,2,M,24,20
2760,68,F,23,20
2761,1,F,21,20
2762,29,F,45,40
2765,36,F,17,10
2766,70,M,39,30
2767,70,F,44,40
2768,1,M,34,30
2769,69,M,61,60
2770,1,M,44,40
2771,37,M,78,70
2772,37,F,75,70
2773,49,F,79,70
2774,49,M,77,70
2775,41,F,20,20
2776,31,F,64,60
2777,46,F,28,20
2778,57,M,34,30
2779,29,M,50,50
2780,29,F,51,50
2781,46,F,38,30
2782,31,M,58,50
2783,1,M,58,50
2784,36,F,40,40
2785,22,M,36,30
2786,24,M,47,40
2787,41,F,22,20
2788,49,F,47,40
2789,1,F,47,40
2790,16,M,23,20
2791,60,M,77,70
2794,18,M,33,30
2795,18,F,30,30
2796,15,M,24,20
2797,28,M,48,40
2798,65,M,67,60
2799,4,F,37,30
2800,2,M,49,40
2801,75,M,79,70
2802,1,F,32,30
2803,68,M,67,60
2804,68,F,62,60
2805,73,M,34,30
2806,58,F,44,40
2808,8,F,24,20
2809,33,M,19,10
2810,72,M,27,20
2811,1,F,52,50
2812,55,F,28,20
2813,70,M,57,50
2814,19,F,25,20
2815,35,M,68,60
2816,35,F,60,60
2817,1,F,21,20
2818,54,M,35,30
2819,8,M,18,10
2820,77,M,32,30
2821,45,F,18,10
2822,50,M,40,40
2823,70,F,52,50
2824,39,M,57,50
2825,65,M,40,40
2826,59,M,63,60
2827,63,M,75,70
2828,14,F,49,40
2829,33,F,59,50
2830,51,M,24,20
2831,68,F,18,10
2832,13,M,71,70
2833,13,F,75,70
2834,52,M,49,40
2835,27,M,32,30
2836,38,F,79,70
2837,38,M,71,70
2838,65,M,33,30
2839,72,F,70,70
2840,72,M,64,60
2841,18,F,25,20
2842,74,M,40,40
2843,70,F,32,30
2844,51,M,36,30
2845,7,M,46,40
2846,1,F,29,20
2847,34,F,56,50
2848,34,M,59,50
2849,19,M,70,70
2850,7,M,28,20
2851,54,M,59,50
2852,26,F,56,50
2853,28,F,42,40
2854,16,M,50,50
2855,16,F,41,40
2856,47,M,75,70
2857,33,M,71,70
2858,42,F,72,70
2859,68,F,70,70
2860,28,M,40,40
2862,49,F,34,30
2863,49,M,30,30
2864,51,F,46,40
2865,15,M,50,50
2866,15,F,49,40
2867,1,F,38,30
2868,14,M,65,60
2869,1,M,23,20
2870,29,M,39,30
2871,71,F,31,30
2872,77,F,65,60
2873,16,F,23,20
2874,34,M,26,20
2875,46,M,62,60
2876,1,M,21,20
2877,59,M,66,60
2878,68,M,51,50
2879,40,M,21,20
2880,60,M,46,40
2881,12,F,31,30
2882,70,M,67,60
2883,30,M,45,40
2884,40,F,40,40
2885,1,F,33,30
2886,1,M,40,40
2887,2,F,37,30
2888,1,F,20,20
2889,25,M,55,50
2890,62,M,47,40
2891,62,F,41,40
2892,3,F,57,50
2893,2,F,71,70
2894,70,F,50,50
2895,70,F,21,20
2896,1,F,23,20
2897,40,M,73,70
2898,40,F,78,70
2899,16,M,80,80
2900,18,M,75,70
2901,25,F,59,50
2902,8,F,39,30
2903,8,M,39,30
2904,64,F,52,50
2905,64,M,47,40
2906,5,M,64,60
2907,5,F,66,60
2908,1,M,27,20
2909,26,M,62,60
2910,76,M,62,60
2911,45,M,66,60
2912,45,F,73,70
2913,44,M,36,30
2915,33,F,44,40
2916,1,M,26,20
2917,16,M,58,50
2918,5,M,31,30
2919,5,F,28,20
2920,44,F,36,30
2921,64,F,22,20
2922,43,M,58,50
2923,35,F,21,20
2924,18,F,57,50
2925,18,M,51,50
2926,27,M,64,60
2927,27,F,69,60
2928,38,M,66,60
2929,1,M,40,40
2930,41,M,57,50
2932,1,F,58,50
2933,72,M,56,50
2934,72,F,50,50
2935,61,F,54,50
2936,3,F,53,50
2937,74,M,50,50
2938,8,F,78,70
2939,8,M,80,80
2940,1,M,33,30
2941,38,M,47,40
2942,67,F,32,30
2943,1,F,18,10
2944,71,F,55,50
2945,74,M,77,70
2946,74,F,72,70
2947,19,F,41,40
2948,47,M,20,20
2949,14,M,55,50
2950,46,M,54,50
2951,76,F,48,40
2952,52,F,20,20
2953,3,M,62,60
2954,38,F,39,30
2955,38,M,46,40
2956,23,M,59,50
2957,23,M,20,20
2958,48,M,23,20
2959,54,M,41,40
2960,1,M,70,70
2961,1,F,65,60
2962,1,M,60,60
2963,1,F,59,50
2964,8,M,20,20
2965,30,F,80,80
2966,65,M,43,40
2967,53,F,37,30
2968,40,M,36,30
2969,55,M,75,70
2970,55,F,76,70
2971,1,F,21,20
2972,1,M,22,20
2974,56,F,47,40
2975,33,F,55,50
2976,57,F,76,70
2977,39,M,35,30
2978,33,F,50,50
2979,4,F,37,30
2980,11,M,24,20
2981,16,F,49,40
2982,6,F,25,20
2983,6,M,31,30
2984,60,F,35,30
2985,60,M,38,30
2986,14,M,46,40
2987,14,F,53,50
2988,33,M,37,30
2989,17,F,50,50
2990,32,F,60,60
2991,32,M,57,50
2992,11,M,32,30
2994,18,M,35,30
2995,35,F,57,50
2996,1,M,33,30
2997,1,F,57,50
2998,1,M,37,30
2999,74,F,19,10
3000,41,F,70,70
3001,1,M,40,40
3002,42,F,43,40
3003,69,F,25,20
3004,69,M,27,20
3005,43,M,67,60
3006,22,F,25,20
3007,76,M,34,30
3008,73,M,79,70
3009,62,F,41,40
3010,62,M,38,30
3011,74,M,43,40
3012,70,F,43,40
3013,51,F,48,40
3014,51,M,45,40
3015,73,M,46,40
3016,40,M,21,20
3017,2,M,57,50
3018,61,M,20,20
3019,30,M,29,20
3020,32,F,56,50
3021,1,M,37,30
3022,1,F,44,40
3023,16,M,39,30
3024,60,M,69,60
3025,60,F,66,60
3026,22,M,51,50
3027,62,M,39,30
3028,34,F,66,60
3029,43,M,28,20
3030,68,F,22,20
3031,40,F,33,30
3032,40,M,39,30
3035,27,M,34,30
3036,16,F,57,50
3037,64,M,56,50
3038,6,F,52,50
3039,55,F,30,30
3041,4,F,71,70
3042,18,F,30,30
3043,63,F,47,40
3044,36,M,53,50
3045,10,F,48,40
3046,1,F,73,70
3047,45,M,23,20
3048,16,F,75,70
3049,6,M,31,30
3050,6,F,31,30
3051,65,M,70,70
3054,74,M,40,40
3055,51,M,67,60
3056,38,F,39,30
3057,38,M,36,30
3058,49,F,55,50
3059,61,M,21,20
3060,61,M,38,30
3061,61,F,33,30
3062,41,F,68,60
3063,27,M,27,20
3064,42,M,68,60
3065,24,F,77,70
3066,54,F,16,10
3067,57,F,46,40
3068,57,M,44,40
3069,21,M,55,50
3070,46,M,78,70
3071,38,F,31,30
3072,1,M,62,60
3073,1,F,61,60
3074,1,M,40,40
3075,74,M,57,50
3076,57,F,36,30
3077,50,F,64,60
3078,50,M,66,60
3079,67,M,55,50
3080,5,F,47,40
3081,5,M,53,50
3082,52,F,19,10
3083,41,M,27,20
3084,23,F,47,40
3085,62,F,52,50
3086,62,M,50,50
3087,46,F,39,30
3088,40,M,48,40
3089,46,M,24,20
3090,32,M,30,30
3091,15,F,32,30
3092,59,F,31,30
3093,35,M,32,30
3094,48,M,48,40
3095,36,M,45,40
3096,74,M,16,10
3097,48,M,50,50
3098,17,M,60,60
3099,17,M,33,30
3100,2,M,67,60
3101,1,M,57,50
3102,61,F,19,10
3103,64,F,25,20
3104,4,F,16,10
3105,68,M,51,50
3106,72,F,70,70
3107,30,M,38,30
3108,30,F,36,30
3109,7,F,66,60
3110,54,M,67,60
3111,54,F,74,70
3112,24,M,59,50
3113,60,F,27,20
3114,60,M,27,20
3115,72,M,37,30
3116,28,M,47,40
3117,62,F,57,50
3118,62,M,58,50
3119,50,F,62,60
3120,75,M,34,30
3121,57,F,42,40
3122,57,M,39,30
3123,1,M,19,10
3124,5,F,40,40
3125,10,F,76,70
3126,47,M,61,60
3127,1,F,78,70
3128,69,F,54,50
3129,5,F,53,50
3130,19,F,43,40
3131,1,F,63,60
3132,1,F,23,20
3133,31,F,25,20
3134,1,M,60,60
3135,48,M,29,20
3136,1,M,35,30
3137,70,M,51,50
3138,70,F,55,50
3139,46,F,42,40
3140,46,M,39,30
3141,9,F,73,70
3142,68,M,79,70
3143,21,F,54,50
3144,1,M,79,70
3145,1,F,77,70
3146,1,M,50,50
3147,19,F,34,30
3148,3,M,56,50
3149,3,F,63,60
3150,54,F,66,60
3151,1,F,47,40
3152,1,M,62,60
3153,26,M,74,70
3154,26,F,72,70
3155,44,F,25,20
3156,68,F,44,40
3157,1,F,56,50
3158,1,F,58,50
3159,24,M,68,60
3160,20,M,47,40
3161,66,M,18,10
3162,55,M,38,30
3163,1,F,34,30
3164,1,M,36,30
3165,3,F,22,20
3166,31,M,43,40
3167,48,F,55,50
3170,76,M,77,70
3171,76,F,74,70
3172,64,M,47,40
3173,66,F,52,50
3174,66,M,46,40
3175,64,F,48,40
3176,1,M,61,60
3177,24,M,60,60
3178,25,F,30,30
3179,45,F,50,50
3180,45,M,54,50
3181,27,M,55,50
3182,18,F,73,70
3183,70,M,18,10
3184,5,F,39,30
3185,17,F,26,20
3186,1,F,43,40
3187,7,M,46,40
3188,68,F,22,20
3190,1,F,79,70
3191,56,F,23,20
3192,6,M,59,50
3193,28,F,48,40
3194,51,F,23,20
3195,2,F,27,20
3196,72,F,20,20
3197,1,M,40,40
3198,1,F,45,40
3199,1,F,41,40
3200,1,M,44,40
3201,66,F,45,40
3202,56,M,76,70
3203,1,F,39,30
3204,1,M,42,40
3205,1,F,77,70
3206,1,M,77,70
3207,55,F,73,70
3208,27,M,51,50
3209,27,F,59,50
3210,14,M,35,30
3211,17,F,31,30
3213,1,M,57,50
3214,71,M,76,70
3215,64,F,62,60
3216,58,M,39,30
3217,61,M,21,20
3218,49,M,33,30
3219,49,F,39,30
3220,23,M,41,40
3221,23,F,45,40
3222,21,M,21,20
3225,13,M,41,40
3226,1,M,47,40
3227,59,F,48,40
3228,34,M,41,40
3229,50,M,19,10
3230,1,F,16,10
3231,21,M,37,30
3232,5,M,22,20
3233,1,M,18,10
3234,67,F,79,70
3235,46,F,48,40
3236,28,F,38,30
3239,7,F,17,10
3240,67,F,61,60
3241,26,M,64,60
3242,26,F,61,60
3243,71,F,78,70
3244,72,M,65,60
3245,70,M,46,40
3246,66,M,67,60
3247,69,F,40,40
3248,28,F,69,60
3249,17,M,39,30
3250,17,F,36,30
3251,52,F,36,30
3252,52,M,37,30
3253,70,M,52,50
3254,1,M,68,60
3255,8,F,28,20
3256,49,M,22,20
3257,73,F,20,20
3258,74,F,38,30
3259,71,M,48,40
3260,74,F,56,50
3261,74,M,48,40
3262,61,F,57,50
3264,63,F,48,40
3265,47,F,35,30
3266,47,M,38,30
3267,61,M,47,40
3268,1,F,42,40
3269,2,M,24,20
3270,12,M,58,50
3271,58,F,56,50
3272,9,F,78,70
3273,9,M,80,80
3274,26,M,69,60
3275,26,F,74,70
3276,52,M,18,10
3277,42,M,32,30
3278,42,F,36,30
3279,66,F,44,40
3280,66,M,40,40
3281,74,M,48,40
3282,29,M,17,10
3283,10,M,65,60
3284,2,M,62,60
3285,2,F,55,50
3286,74,F,26,20
3287,74,M,21,20
3288,69,M,72,70
3289,75,F,21,20
3290,11,F,29,20
3291,52,M,51,50
3292,18,M,58,50
3293,1,F,45,40
3294,52,M,41,40
3295,40,F,32,30
3296,23,M,29,20
3297,1,M,30,30
3298,5,F,56,50
3299,76,F,37,30
3300,53,M,48,40
3302,52,F,34,30
3303,52,M,33,30
3304,69,M,59,50
3305,41,F,27,20
3306,27,M,50,50
3307,14,F,19,10
3308,15,M,50,50
3309,15,F,56,50
3310,23,M,44,40
3311,51,M,44,40
3312,70,F,27,20
3313,60,F,52,50
3314,24,F,67,60
3315,24,M,64,60
3316,1,F,51,50
3317,1,M,48,40
3319,1,F,19,10
3320,1,M,26,20
3321,13,F,29,20
3322,31,M,50,50
3323,74,F,17,10
3324,26,F,27,20
3325,26,M,35,30
3326,57,F,46,40
3327,20,F,61,60
3328,24,M,32,30
3329,54,M,37,30
3330,54,F,43,40
3331,70,F,28,20
3332,46,F,29,20
3333,10,F,49,40
3334,1,M,32,30
3335,11,M,31,30
3336,64,F,47,40
3337,53,M,46,40
3338,69,F,56,50
3339,31,F,22,20
3340,54,M,22,20
3341,54,F,30,30
3342,73,M,25,20
3344,42,M,37,30
3345,37,F,57,50
3346,37,M,57,50
3347,11,M,62,60
3348,38,F,20,20
3349,42,M,35,30
3350,30,M,48,40
3351,30,F,56,50
3352,23,M,79,70
3353,23,F,79,70
3354,62,F,55,50
3355,38,M,45,40
3356,73,M,24,20
3357,63,F,44,40
3358,16,M,23,20
3359,1,M,53,50
3360,43,F,22,20
3361,40,F,68,60
3365,1,F,32,30
3366,54,F,39,30
3367,54,M,46,40
3368,14,F,46,40
3369,1,M,46,40
3370,25,M,79,70
3371,25,F,79,70
3372,1,M,28,20
3373,5,M,46,40
3374,5,F,38,30
3375,74,M,44,40
3376,11,F,53,50
3377,11,M,60,60
3378,5,M,41,40
3379,5,F,50,50
3380,74,F,20,20
3381,70,F,34,30
3382,54,M,44,40
3383,54,F,42,40
3384,41,F,56,50
3385,11,F,74,70
3386,49,F,58,50
3387,58,M,55,50
3388,53,F,33,30
3389,39,F,31,30
3390,53,F,26,20
3391,42,M,27,20
3392,1,F,23,20
3393,73,F,44,40
3394,66,F,18,10
3395,4,M,36,30
3396,18,F,21,20
3397,24,F,24,20
3398,24,M,29,20
3399,72,M,66,60
3402,74,F,46,40
3403,74,M,41,40
3404,56,F,58,50
3405,40,M,49,40
3406,40,F,51,50
3407,35,F,25,20
3408,35,M,25,20
3409,36,M,79,70
3410,54,M,33,30
3412,57,M,23,20
3413,57,F,29,20
3414,11,F,51,50
3415,54,F,25,20
3416,35,M,21,20
3417,35,F,13,10
3418,70,F,35,30
3420,66,M,19,10
3421,20,M,51,50
3422,1,F,47,40
3423,12,F,27,20
3424,64,M,80,80
3425,70,M,28,20
3426,73,M,20,20
3427,42,M,18,10
3428,42,F,11,10
3429,46,M,57,50
3430,3,M,47,40
3431,70,F,19,10
3432,15,M,25,20
3433,71,M,36,30
3434,71,F,42,40
3435,4,F,53,50
3436,30,M,40,40
3437,30,F,39,30
3438,43,M,56,50
3439,62,M,31,30
3440,1,F,60,60
3441,75,M,40,40
3443,1,F,64,60
3444,57,M,21,20
3445,17,F,19,10
3446,70,M,42,40
3447,54,F,49,40
3448,1,M,44,40
3449,27,M,70,70
3450,25,M,22,20
3451,19,M,24,20
3452,19,F,23,20
3453,56,M,48,40
3454,11,F,49,40
3455,11,M,41,40
3456,54,F,53,50
3457,75,F,75,70
3458,33,M,45,40
3459,14,F,34,30
3460,14,M,33,30
3461,54,M,40,40
3462,54,F,33,30
3463,1,F,19,10
3464,43,M,45,40
3465,30,M,56,50
3466,1,F,62,60
3467,1,M,59,50
3468,68,F,65,60
3469,1,F,23,20
3470,52,F,61,60
3471,1,F,46,40
3472,70,F,52,50
3473,70,M,50,50
3474,32,F,44,40
3475,19,M,41,40
3476,60,F,30,30
3477,37,M,33,30
3478,1,M,72,70
3479,1,F,65,60
3480,15,F,47,40
3481,15,M,41,40
3482,71,F,57,50
3483,70,M,58,50
3484,44,M,26,20
3485,77,M,76,70
3486,77,M,36,30
3487,1,M,39,30
3488,1,M,43,40
3489,76,M,32,30
3490,19,M,78,70
3491,19,F,76,70
3492,8,F,28,20
3493,69,F,33,30
3494,42,M,29,20
3495,64,F,57,50
3496,64,M,49,40
3497,39,F,28,20
3498,77,M,61,60
3499,19,M,29,20
3500,29,M,38,30
3501,51,M,34,30
3502,54,M,46,40
3503,54,F,45,40
3504,40,M,46,40
3505,20,M,21,20
3506,1,F,37,30
3507,32,F,52,50
3508,38,M,28,20
3509,38,F,33,30
3510,13,M,59,50
3511,74,M,35,30
3512,49,M,52,50
3513,70,M,76,70
3514,70,F,80,80
3515,61,F,23,20
3516,58,F,27,20
3517,68,F,45,40
3518,33,F,43,40
3519,74,M,49,40
3520,8,F,70,70
3521,4,M,34,30
3522,57,M,35,30
3523,6,M,34,30
3524,68,F,53,50
3525,15,M,24,20
3526,15,F,21,20
3527,77,M,20,20
3528,73,F,28,20
3529,54,M,25,20
3530,16,F,27,20
3531,43,M,78,70
3532,56,M,63,60
3533,1,F,35,30
3534,50,F,27,20
3535,37,M,25,20
3536,55,M,76,70
3537,51,M,52,50
3538,1,F,54,50
3539,36,M,78,70
3540,51,M,62,60
3541,51,F,65,60
3542,10,M,59,50
3543,10,F,57,50
3544,1,F,37,30
3545,68,M,32,30
3546,3,M,27,20
3547,1,F,74,70
3548,1,M,23,20
3549,5,F,61,60
3550,54,F,29,20
3552,44,M,58,50
3554,22,F,33,30
3555,22,M,30,30
3556,6,M,71,70
3557,6,F,70,70
3558,54,F,71,70
3559,57,F,59,50
3560,57,M,54,50
3562,1,M,67,60
3563,1,F,72,70
3564,62,M,50,50
3565,44,M,36,30
3566,65,F,66,60
3567,1,M,50,50
3568,1,M,57,50
3569,67,M,65,60
3570,15,F,53,50
3571,25,M,28,20
3572,48,F,70,70
3573,8,F,26,20
3574,19,F,52,50
3575,9,F,61,60
3576,1,F,59,50
3577,31,F,56,50
3578,72,M,71,70
3579,72,F,68,60
3580,6,F,69,60
3581,33,M,31,30
3582,38,M,43,40
3583,15,F,56,50
3584,15,M,57,50
3585,29,F,30,30
3586,60,M,55,50
3587,60,F,60,60
3588,76,F,45,40
3589,73,F,37,30
3590,23,F,22,20
3591,74,M,68,60
3592,74,F,73,70
3594,13,F,37,30
3595,28,M,34,30
3596,74,M,23,20
3597,10,F,65,60
3598,66,M,75,70
3599,66,F,67,60
3600,46,F,55,50
3601,19,M,60,60
3602,19,F,58,50
3603,42,M,44,40
3605,71,M,64,60
3606,63,M,40,40
3607,18,F,52,50
3608,66,M,51,50
3609,66,F,43,40
3610,36,M,79,70
3611,30,F,26,20
3612,19,F,36,30
3613,19,M,29,20
3614,43,F,27,20
3615,1,M,24,20
3616,77,F,34,30
3617,51,F,44,40
3618,54,M,45,40
3619,40,M,43,40
3620,21,M,61,60
3621,66,M,59,50
3622,66,F,60,60
3623,28,F,33,30
3624,1,F,16,10
3627,18,F,17,10
3628,11,F,71,70
3629,42,M,51,50
3630,64,F,75,70
3631,64,M,77,70
3632,15,F,55,50
3633,72,M,65,60
3634,1,M,75,70
3635,1,F,77,70
3636,46,M,20,20
3637,64,M,39,30
3638,49,F,55,50
3639,73,M,70,70
3640,75,M,20,20
3641,75,F,20,20
3642,19,M,37,30
3643,26,M,18,10
3644,75,M,47,40
3645,34,M,23,20
3646,33,F,55,50
3647,33,M,50,50
3648,3,M,18,10
3649,10,F,39,30
3650,64,M,80,80
3651,35,M,81,80
3652,1,M,78,70
3653,1,F,81,80
3654,25,F,75,70
3655,59,M,30,30
3656,62,F,73,70
3657,62,M,77,70
3658,58,M,74,70
3659,42,F,68,60
3660,65,M,24,20
3661,51,M,66,60
3662,27,M,67,60
3663,69,F,51,50
3664,69,M,47,40
3667,70,M,27,20
3668,70,F,26,20
3669,10,M,36,30
3670,44,F,18,10
3671,10,M,55,50
3672,10,F,50,50
3673,1,F,47,40
3674,17,F,18,10
3675,70,M,46,40
3676,10,F,33,30
3677,10,M,38,30
3678,1,F,64,60
3679,72,M,67,60
3680,72,F,75,70
3681,1,M,77,70
3682,1,F,74,70
3683,74,F,21,20
3684,16,F,37,30
3685,74,M,24,20
3686,61,F,36,30
3687,49,M,26,20
3688,49,F,23,20
3689,9,F,19,10
3690,44,M,38,30
3691,18,M,33,30
3693,15,M,76,70
3694,15,F,78,70
3695,55,M,64,60
3696,55,F,59,50
3697,9,F,44,40
3698,44,M,27,20
3699,1,M,30,30
3700,1,F,22,20
3701,73,F,44,40
3702,76,M,46,40
3703,17,M,67,60
3704,69,M,36,30
3705,1,F,33,30
3707,74,M,57,50
3708,46,F,40,40
3709,46,M,43,40
3710,59,M,70,70
3711,25,M,30,30
3712,56,F,29,20
3713,41,F,54,50
3714,8,F,46,40
3716,74,M,45,40
3717,71,M,73,70
3718,71,F,69,60
3719,54,M,68,60
3720,54,F,62,60
3721,64,F,44,40
3722,1,F,42,40
3723,18,M,31,30
3724,57,F,73,70
3727,33,M,28,20
3728,66,M,62,60
3729,66,F,57,50
3730,59,F,53,50
3732,66,M,52,50
3733,1,F,52,50
3734,15,M,55,50
3735,18,M,60,60
3736,18,F,66,60
3737,12,M,50,50
3738,1,F,20,20
3739,3,F,42,40
3740,46,M,69,60
3741,16,M,62,60
3742,56,F,37,30
3743,56,M,40,40
3745,2,F,27,20
3746,66,M,23,20
3747,1,M,34,30
3748,59,F,68,60
3749,65,F,55,50
3750,1,M,60,60
3751,33,M,32,30
3752,33,F,37,30
3753,1,F,39,30
3754,1,F,51,50
3755,37,F,47,40
3756,12,F,27,20
3757,5,M,76,70
3758,53,F,35,30
3759,53,M,37,30
3760,18,M,43,40
3761,48,M,23,20
3762,60,F,39,30
3763,38,F,21,20
3764,38,M,20,20
3765,45,F,42,40
3766,1,F,18,10
3767,14,M,62,60
3768,14,F,54,50
3769,54,M,41,40
3770,35,F,73,70
3771,48,M,56,50
3772,48,F,62,60
3773,33,F,34,30
3774,1,M,76,70
3775,46,M,70,70
3776,74,M,20,20
3777,74,F,23,20
3779,6,M,49,40
3780,37,M,21,20
3781,17,F,23,20
3782,1,M,18,10
3783,1,F,30,30
3784,1,M,24,20
3785,66,F,78,70
3786,13,M,78,70
3787,21,F,20,20
3788,56,F,43,40
3789,66,M,34,30
3790,48,M,62,60
3791,72,M,59,50
3792,74,M,26,20
3793,39,F,47,40
3794,37,F,22,20
3795,12,M,16,10
3796,3,M,45,40
3797,3,F,47,40
3798,1,F,44,40
3799,2,M,69,60
3800,38,F,44,40
3801,38,M,50,50
3802,67,M,73,70
3803,1,M,68,60
3804,1,F,65,60
3805,68,M,56,50
3806,54,F,31,30
3807,33,F,51,50
3808,57,M,55,50
3811,6,M,46,40
3812,1,M,31,30
3813,2,F,20,20
3814,1,M,53,50
3815,28,F,29,20
3816,1,M,32,30
3817,77,F,61,60
3818,71,M,56,50
3819,71,F,62,60
3821,22,M,59,50
3822,48,M,45,40
3823,63,M,42,40
3824,41,M,27,20
3825,41,F,33,30
3826,33,M,77,70
3827,33,F,75,70
3829,59,M,26,20
3830,18,F,30,30
3831,11,M,80,80
3832,11,F,73,70
3833,19,M,64,60
3834,1,F,22,20
3835,50,F,67,60
3836,77,M,50,50
3837,39,F,77,70
3838,65,M,69,60
3839,65,F,61,60
3840,50,F,65,60
3841,26,M,79,70
3842,74,M,22,20
3843,4,F,56,50
3844,71,F,35,30
3845,1,M,39,30
3846,27,F,18,10
3847,6,F,39,30
3848,45,F,60,60
3849,1,F,66,60
3850,45,F,41,40
3851,45,M,37,30
3852,10,F,46,40
3853,59,F,18,10
3854,24,M,39,30
3855,29,M,59,50
3856,1,F,54,50
3857,72,F,46,40
3858,18,F,50,50
3859,18,M,57,50
3860,74,M,60,60
3861,11,F,47,40
3862,40,F,51,50
3863,1,F,59,50
3864,1,M,67,60
3865,75,M,21,20
3866,75,F,21,20
3868,66,M,36,30
3869,17,F,52,50
3870,4,F,27,20
3871,4,M,19,10
3872,8,M,68,60
3873,23,F,38,30
3874,61,F,56,50
3875,1,F,68,60
3876,1,M,75,70
3877,38,F,42,40
3880,29,F,37,30
3881,45,F,51,50
3882,45,M,56,50
3883,18,M,33,30
3884,72,M,35,30
3885,70,F,58,50
3886,8,F,33,30
3887,67,M,79,70
3888,67,F,82,80
3890,3,M,40,40
3891,75,M,40,40
3892,1,M,19,10
3893,1,M,29,20
3894,29,M,57,50
3895,29,F,53,50
3896,5,M,75,70
3897,16,F,47,40
3898,57,F,50,50
3899,55,F,79,70
3900,55,M,55,50
3901,55,F,47,40
3902,65,F,49,40
3903,1,F,50,50
3904,29,F,60,60
3905,29,M,63,60
3906,64,M,62,60
3907,1,F,44,40
3908,73,M,69,60
3909,73,F,75,70
3910,37,F,79,70
3911,31,F,46,40
3912,1,F,53,50
3913,8,M,48,40
3914,52,F,78,70
3915,20,M,21,20
3916,47,F,28,20
3917,47,M,31,30
3918,5,M,24,20
3919,35,M,56,50
3920,44,F,73,70
3921,28,F,40,40
3922,1,F,70,70
3923,1,M,63,60
3924,56,M,27,20
3925,45,F,62,60
3926,54,M,26,20
3927,61,F,50,50
3928,77,F,70,70
3929,74,M,42,40
3930,1,M,78,70
3931,1,F,77,70
3932,59,M,59,50
3933,59,F,52,50
3934,12,M,30,30
3935,71,M,59,50
3936,36,F,36,30
3937,36,M,35,30
3938,27,M,18,10
3939,40,M,45,40
3942,53,M,46,40
3943,1,M,53,50
3944,8,M,63,60
3945,8,F,67,60
3946,1,M,23,20
3947,23,M,31,30
3948,44,F,19,10
3949,44,M,24,20
3950,38,M,74,70
3951,38,F,78,70
3952,52,F,33,30
3953,14,F,73,70
3954,64,M,41,40
3955,64,F,38,30
3956,21,F,23,20
3957,21,M,27,20
3958,37,F,52,50
3959,30,F,28,20
3960,8,M,34,30
3961,53,F,55,50
3962,74,M,46,40
3963,76,M,24,20
3964,74,M,56,50
3965,1,M,35,30
3966,1,F,29,20
3967,18,F,38,30
3968,18,M,43,40
3969,4,F,47,40
3970,46,F,18,10
3971,1,M,32,30
3972,1,M,69,60
3973,1,F,16,10
3974,68,M,60,60
3975,1,F,44,40
3976,43,M,31,30
3977,8,M,23,20
3978,18,M,28,20
3979,54,F,70,70
3980,1,M,45,40
3981,19,M,19,10
3982,45,F,80,80
3983,1,F,72,70
3984,1,F,34,30
3985,75,F,19,10
3987,67,M,38,30
3988,53,F,24,20
3989,53,M,18,10
3990,29,M,25,20
3991,11,M,31,30
3992,71,F,50,50
3993,14,F,18,10
3994,21,F,33,30
3995,1,F,50,50
3996,36,F,51,50
3997,13,F,71,70
3998,59,F,48,40
3999,30,F,22,20
4000,40,M,41,40
4001,69,M,42,40
4002,25,F,78,70
4003,8,M,49,40
4004,30,F,41,40
4006,25,F,20,20
4007,23,M,50,50
4008,23,F,47,40
4009,4,M,32,30
4010,4,F,50,50
4011,62,F,41,40
4012,56,F,42,40
4013,1,F,47,40
4014,17,M,18,10
4015,65,F,26,20
4016,13,F,27,20
4017,13,M,34,30
4018,3,F,18,10
4019,11,M,53,50
4020,45,F,45,40
4021,45,M,50,50
4022,1,M,72,70
4023,1,F,73,70
4024,3,M,34,30
4025,3,F,27,20
4026,76,F,53,50
4027,16,F,33,30
4028,16,M,28,20
4029,17,M,31,30
4030,44,F,22,20
4031,67,M,23,20
4032,35,F,34,30
4033,51,M,73,70
4034,58,M,61,60
4035,58,F,68,60
4036,25,F,22,20
4037,1,F,32,30
4040,59,F,37,30
4041,59,M,44,40
4042,1,M,59,50
4043,70,F,45,40
4044,44,F,68,60
4046,1,F,54,50
4047,1,M,61,60
4048,4,M,75,70
4049,4,M,53,50
4050,47,M,50,50
4051,74,M,49,40
4052,74,F,48,40
4053,70,F,69,60
4054,72,F,39,30
4055,74,F,46,40
4056,63,F,46,40
4057,70,F,76,70
4059,54,M,74,70
4060,44,F,44,40
4061,8,M,20,20
4062,71,M,48,40
4063,61,F,32,30
4064,61,M,26,20
4065,73,M,56,50
4066,30,F,62,60
4067,21,F,39,30
4068,11,M,74,70
4069,68,M,39,30
4070,68,F,39,30
4071,45,F,56,50
4072,45,M,57,50
4073,24,M,43,40
4074,24,F,40,40
4075,8,F,54,50
4076,49,M,29,20
4077,68,F,43,40
4078,23,M,47,40
4079,27,M,43,40
4080,21,F,55,50
4081,9,M,20,20
4082,58,F,37,30
4083,74,F,30,30
4084,55,M,41,40
4085,55,F,46,40
4086,63,F,57,50
4087,64,F,52,50
4088,68,F,50,50
4089,68,M,51,50
4090,23,M,27,20
4091,29,F,16,10
4092,14,F,65,60
4093,1,M,52,50
4094,2,M,19,10
4095,25,M,24,20
4096,25,F,18,10
4098,13,M,60,60
4099,12,F,53,50
4100,74,M,43,40
4101,1,F,28,20
4102,4,F,29,20
4103,4,M,33,30
4104,23,M,79,70
4105,16,F,18,10
4106,1,M,62,60
4107,49,M,44,40
4108,43,F,72,70
4109,63,M,45,40
4112,38,M,24,20
4113,76,F,51,50
4114,63,M,34,30
4115,33,M,55,50
4116,36,M,62,60
4117,53,F,81,80
4118,28,M,20,20
4119,62,F,36,30
4120,62,M,37,30
4121,23,M,75,70
4122,39,M,29,20
4123,39,F,32,30
4124,19,F,35,30
4125,31,F,76,70
4126,74,M,23,20
4127,74,F,28,20
4129,75,F,46,40
4131,48,M,22,20
4132,42,M,36,30
4133,42,F,33,30
4134,1,F,44,40
4136,31,M,39,30
4137,21,M,49,40
4138,11,F,30,30
4139,74,M,29,20
4140,70,M,35,30
4141,9,M,28,20
4142,36,M,38,30
4143,27,M,43,40
4144,27,F,43,40
4145,73,F,76,70
4146,9,F,43,40
4147,64,M,26,20
4148,64,F,30,30
4149,1,M,19,10
4150,1,F,21,20
4151,73,F,72,70
4152,73,M,71,70
4153,32,M,42,40
4154,32,F,45,40
4155,1,M,75,70
4156,5,F,36,30
4157,1,M,26,20
4158,35,F,78,70
4159,35,M,85,80
4160,16,F,29,20
4161,22,F,26,20
4163,4,M,47,40
4164,45,F,74,70
4165,53,M,43,40
4166,1,M,51,50
4167,6,F,49,40
4169,58,F,18,10
4170,58,M,15,10
4171,1,M,18,10
4172,1,F,53,50
4173,52,F,20,20
4174,63,M,71,70
4175,13,F,33,30
4176,32,M,76,70
4177,34,M,63,60
4178,32,M,72,70
4179,54,M,78,70
4180,63,M,66,60
4181,76,F,34,30
4182,16,M,57,50
4183,16,F,58,50
4184,8,F,23,20
4185,51,F,34,30
4186,38,M,20,20
4187,25,F,31,30
4188,1,M,22,20
4189,64,M,57,50
4190,17,M,56,50
4191,32,F,41,40
4192,72,M,67,60
4193,8,F,61,60
4194,63,F,58,50
4195,63,M,53,50
4196,55,F,47,40
4198,23,F,44,40
4199,23,M,37,30
4201,3,M,21,20
4202,3,F,28,20
4203,1,F,31,30
4204,1,M,38,30
4205,30,M,63,60
4206,22,M,56,50
4207,70,M,60,60
4209,70,F,65,60
4210,40,M,19,10
4211,22,F,25,20
4212,53,M,53,50
4213,64,F,73,70
4214,64,M,77,70
4215,49,F,46,40
4217,9,F,47,40
4218,48,F,59,50
4219,51,F,54,50
4220,33,M,35,30
4221,63,F,57,50
4222,60,M,70,70
4223,54,M,28,20
4224,42,F,21,20
4225,76,M,21,20
4226,31,M,41,40
4227,51,F,35,30
4229,36,M,37,30
4230,74,F,37,30
4231,1,F,39,30
4232,70,M,27,20
4233,46,M,60,60
4234,70,F,26,20
4235,9,F,23,20
4236,42,F,36,30
4237,16,F,75,70
4238,41,F,27,20
4239,70,M,78,70
4240,46,F,38,30
4241,20,F,48,40
4242,20,M,44,40
4243,7,M,40,40
4244,68,F,76,70
4245,68,M,79,70
4246,36,F,18,10
4247,26,F,23,20
4248,9,F,23,20
4249,52,M,21,20
4250,72,F,37,30
4251,44,M,38,30
4252,44,F,45,40
4253,16,F,62,60
4254,65,M,26,20
4255,66,F,73,70
4256,70,M,41,40
4257,1,F,30,30
4258,44,F,32,30
4259,10,F,49,40
4260,12,M,32,30
4261,34,F,74,70
4262,59,F,73,70
4263,73,F,26,20
4264,74,F,27,20
4265,59,M,20,20
4266,1,F,24,20
4267,24,F,62,60
4268,24,M,70,70
4269,45,F,43,40
4270,58,F,26,20
4271,58,M,34,30
4272,42,F,20,20
4273,18,F,22,20
4274,70,F,61,60
4275,49,F,41,40
4276,74,F,25,20
4277,74,M,19,10
4278,33,M,49,40
4279,51,M,49,40
4280,55,F,54,50
4281,54,M,67,60
4282,3,M,66,60
4283,27,M,74,70
4284,68,M,52,50
4285,68,F,53,50
4286,6,F,33,30
4287,62,F,45,40
4288,70,F,52,50
4289,66,M,17,10
4290,32,M,51,50
4291,58,F,47,40
4292,72,M,46,40
4293,4,F,39,30
4294,4,M,42,40
4295,18,M,38,30
4296,57,M,73,70
4297,57,F,70,70
4298,33,M,78,70
4299,50,F,21,20
4300,1,F,21,20
4301,14,F,42,40
4302,30,F,54,50
4303,21,F,20,20
4304,5,F,53,50
4305,40,F,59,50
4306,40,M,58,50
4307,1,M,21,20
4308,44,F,28,20
4309,39,F,19,10
4310,65,F,73,70
4311,59,M,17,10
4312,72,F,19,10
4313,53,F,30,30
4314,58,F,73,70
4315,74,F,39,30
4316,1,F,55,50
4317,53,F,20,20
4318,43,F,56,50
4319,43,M,52,50
4320,66,F,40,40
4321,19,F,25,20
4322,19,M,28,20
4323,40,M,74,70
4324,40,F,80,80
4325,55,M,51,50
4326,1,M,68,60
4327,1,F,61,60
4328,59,F,22,20
4329,64,F,51,50
4330,33,M,77,70
4331,5,M,39,30
4332,57,M,62,60
4333,1,M,40,40
4334,1,F,44,40
4335,54,F,74,70
4336,19,F,29,20
4337,48,M,32,30
4338,30,M,54,50
4339,59,F,21,20
4340,1,F,49,40
4341,76,M,35,30
4342,63,F,80,80
4343,27,F,69,60
4344,54,M,73,70
4345,18,F,24,20
4346,3,F,25,20
4347,54,F,72,70
4348,3,F,20,20
4349,1,F,39,30
4350,1,M,32,30
4352,72,M,27,20
4353,28,F,19,10
4354,28,M,12,10
4355,1,F,60,60
4358,70,M,56,50
4359,64,M,48,40
4360,19,F,33,30
4361,46,M,43,40
4362,50,M,55,50
4363,50,F,48,40
4364,22,M,21,20
4365,10,M,37,30
4367,14,M,16,10
4368,32,F,21,20
4369,53,M,33,30
4370,59,M,59,50
4371,32,M,30,30
4372,3,M,65,60
4373,51,M,47,40
4376,70,M,44,40
4377,48,M,20,20
4380,1,M,67,60
4381,56,M,39,30
4382,18,M,18,10
4383,21,M,36,30
4384,10,F,25,20
4385,21,F,26,20
4386,53,F,53,50
4387,52,M,52,50
4388,4,F,62,60
4389,10,F,73,70
4390,7,F,26,20
4393,1,F,57,50
4394,64,F,23,20
4395,36,F,40,40
4396,63,F,24,20
4397,63,M,25,20
4398,77,M,40,40
4399,61,F,31,30
4400,54,F,39,30
4401,8,M,30,30
4402,23,M,69,60
4403,36,F,60,60
4404,31,F,47,40
4405,47,F,39,30
4406,1,M,45,40
4407,70,M,23,20
4408,62,M,75,70
4409,62,F,70,70
4410,24,F,22,20
4411,54,M,48,40
4412,54,F,46,40
4413,74,M,21,20
4414,50,M,65,60
4415,4,M,21,20
4416,67,M,28,20
4417,1,M,22,20
4418,28,M,28,20
4420,55,M,41,40
4421,1,F,54,50
4422,76,F,55,50
4423,27,M,80,80
4424,21,M,65,60
4425,21,F,62,60
4426,26,F,29,20
4427,30,M,58,50
4428,38,M,44,40
4429,64,M,53,50
4430,64,F,60,60
4431,58,M,68,60
4432,1,F,34,30
4433,1,M,30,30
4434,64,M,34,30
4435,64,F,33,30
4436,27,M,78,70
4437,70,F,37,30
4438,70,M,41,40
4439,70,M,23,20
4440,33,M,50,50
4441,33,F,55,50
4442,23,F,77,70
4444,77,M,29,20
4445,77,F,34,30
4446,71,F,48,40
4447,71,M,41,40
4448,72,F,56,50
4449,8,M,49,40
4450,67,F,49,40
4451,50,F,71,70
4452,70,F,74,70
4453,61,F,22,20
4454,61,M,22,20
4455,70,M,22,20
4456,30,M,62,60
4457,1,M,55,50
4458,22,F,48,40
4459,1,F,36,30
4460,1,M,41,40
4461,54,F,41,40
4462,1,M,21,20
4463,76,M,75,70
4464,53,M,34,30
4465,74,M,61,60
4466,75,F,76,70
4467,20,F,54,50
4468,20,M,54,50
4469,8,F,25,20
4471,64,F,23,20
4472,74,M,33,30
4473,1,M,54,50
4474,3,F,34,30
4476,3,M,72,70
4477,74,M,41,40
4478,74,F,46,40
4479,2,F,40,40
4480,74,M,35,30
4481,1,M,23,20
4482,56,M,19,10
4483,63,F,32,30
4484,37,M,43,40
4485,36,M,79,70
4486,36,F,84,80
4487,22,M,24,20
4488,22,F,27,20
4489,76,M,50,50
4490,76,F,42,40
4491,2,F,21,20
4492,16,F,33,30
4493,33,M,51,50
4494,54,M,46,40
4495,66,M,19,10
4496,10,M,27,20
4497,10,F,34,30
4498,31,M,67,60
4499,31,F,69,60
4500,17,M,74,70
4501,70,F,51,50
4502,21,M,66,60
4503,21,F,70,70
4504,33,F,33,30
4505,33,M,32,30
4506,11,F,44,40
4507,1,M,28,20
4508,54,M,77,70
4509,54,F,78,70
4510,34,F,60,60
4511,51,F,53,50
4512,1,M,35,30
4514,65,M,58,50
4515,59,F,78,70
4516,1,F,37,30
4518,39,F,46,40
4519,70,F,47,40
4520,1,F,41,40
4521,1,M,55,50
4522,68,F,49,40
4523,68,M,46,40
4524,77,M,41,40
4525,77,F,34,30
4526,70,F,28,20
4527,1,F,35,30
4528,28,M,76,70
4529,37,M,22,20
4530,37,F,14,10
4531,64,F,34,30
4532,39,M,45,40
4533,64,M,18,10
4534,38,M,44,40
4535,1,F,67,60
4536,41,M,51,50
4539,55,M,56,50
4540,69,M,63,60
4541,32,F,27,20
4542,29,M,44,40
4543,1,M,58,50
4544,52,F,43,40
4545,3,F,62,60
4546,23,F,47,40
4547,9,F,55,50
4548,7,M,40,40
4549,10,F,78,70
4550,72,F,56,50
4551,60,M,74,70
4552,60,F,79,70
4553,1,F,53,50
4554,70,M,61,60
4555,52,M,38,30
4556,74,M,28,20
4557,44,F,66,60
4558,44,M,70,70
4559,35,F,40,40
4560,9,M,35,30
4561,40,F,30,30
4562,25,M,33,30
4563,10,F,27,20
4564,10,M,23,20
4565,14,M,50,50
4567,70,M,61,60
4568,70,M,16,10
4569,6,F,27,20
4570,1,F,59,50
4571,1,M,31,30
4572,28,F,62,60
4573,5,F,43,40
4574,20,F,32,30
4575,36,F,34,30
4576,53,M,40,40
4577,64,F,49,40
4578,15,M,22,20
4579,74,F,60,60
4580,30,F,54,50
4581,1,F,42,40
4582,44,M,80,80
4583,61,F,57,50
4584,7,F,49,40
4585,9,F,50,50
4586,9,M,47,40
4587,36,F,20,20
4588,53,F,22,20
4589,2,F,22,20
4590,1,M,62,60
4591,43,M,65,60
4592,1,F,43,40
4593,72,M,66,60
4594,1,M,58,50
4595,1,F,58,50
4596,74,F,25,20
4597,1,F,46,40
4598,25,F,57,50
4599,25,M,51,50
4600,70,M,31,30
4601,1,M,63,60
4602,1,F,64,60
4603,69,F,52,50
4604,67,M,30,30
4605,18,F,18,10
4606,8,M,61,60
4607,74,F,22,20
4608,41,M,53,50
4609,7,F,22,20
4610,34,F,32,30
4611,1,F,45,40
4612,44,F,38,30
4615,56,M,47,40
4617,45,M,21,20
4618,45,F,26,20
4619,77,F,57,50
4620,54,F,59,50
4621,54,M,52,50
4622,50,F,26,20
4623,68,M,31,30
4624,48,F,32,30
4625,48,M,31,30
4626,3,F,51,50
4627,1,M,56,50
4628,1,F,60,60
4629,76,M,75,70
4630,76,F,83,80
4631,8,F,66,60
4632,1,M,70,70
4633,62,F,18,10
4634,67,F,58,50
4635,67,M,62,60
4636,48,M,21,20
4637,61,M,29,20
4638,33,F,30,30
4639,20,M,18,10
4640,75,F,42,40
4641,33,M,40,40
4642,33,F,38,30
4643,1,F,29,20
4644,20,M,67,60
4647,8,M,20,20
4648,33,M,34,30
4649,45,F,70,70
4650,54,F,33,30
4651,2,M,19,10
4652,53,M,36,30
4653,4,F,52,50
4654,2,F,48,40
4655,2,M,51,50
4656,1,M,56,50
4657,15,M,57,50
4658,33,M,63,60
4659,50,F,39,30
4660,60,F,23,20
4661,1,F,54,50
4662,1,F,71,70
4663,72,M,56,50
4664,38,M,77,70
4665,9,F,72,70
4666,9,M,70,70
4667,25,M,57,50
4668,25,F,60,60
4670,51,F,30,30
4671,51,M,26,20
4672,44,M,49,40
4673,69,M,46,40
4674,59,F,20,20
4675,23,M,23,20
4677,3,F,77,70
4678,21,M,30,30
4679,20,M,50,50
4680,72,F,19,10
4681,1,F,49,40
4682,1,M,45,40
4683,51,M,42,40
4684,1,F,45,40
4685,62,M,34,30
4686,39,M,54,50
4687,16,F,51,50
4688,16,M,58,50
4689,50,M,35,30
4690,66,F,36,30
4691,66,M,34,30
4692,76,F,43,40
4693,42,M,55,50
4694,42,F,55,50
4695,52,M,73,70
4696,52,F,65,60
4697,27,F,41,40
4698,45,M,35,30
4699,13,F,35,30
4700,70,F,61,60
4701,22,M,57,50
4704,12,F,43,40
4705,1,M,43,40
4706,58,F,55,50
4707,58,M,58,50
4708,18,M,48,40
4709,54,M,20,20
4710,52,F,37,30
4711,52,M,43,40
4712,37,F,38,30
4713,13,F,80,80
4714,13,M,87,80
4715,15,F,22,20
4716,10,F,65,60
4717,32,M,54,50
4718,2,M,66,60
4719,23,M,61,60
4720,33,F,52,50
4721,65,F,42,40
4722,8,M,26,20
4723,1,F,57,50
4724,53,F,25,20
4725,34,M,53,50
4726,34,F,46,40
4727,74,F,28,20
4728,74,M,28,20
4729,18,M,53,50
4730,68,M,78,70
4731,52,F,25,20
4732,70,M,80,80
4733,1,M,43,40
4734,72,M,73,70
4735,72,F,76,70
4736,56,F,55,50
4737,24,F,17,10
4739,37,F,38,30
4740,28,M,21,20
4741,74,F,69,60
4742,61,F,49,40
4743,61,M,42,40
4744,6,M,69,60
4745,68,F,50,50
4746,39,F,57,50
4747,76,F,76,70
4748,76,M,70,70
4749,57,F,50,50
4750,70,M,36,30
4751,35,M,25,20
4752,7,M,59,50
4753,7,F,64,60
4754,27,F,59,50
4755,71,F,44,40
4756,22,F,48,40
4757,22,M,53,50
4758,50,F,25,20
4759,50,M,18,10
4760,70,M,63,60
4761,70,F,64,60
4762,76,F,27,20
4763,77,F,54,50
4764,54,M,19,10
4765,48,M,63,60
4766,22,M,31,30
4767,26,F,80,80
4768,1,F,38,30
4769,22,F,75,70
4770,22,M,74,70
4771,64,F,37,30
4772,6,F,48,40
4773,33,F,46,40
4774,59,M,47,40
4775,59,F,50,50
4776,1,M,24,20
4777,64,F,69,60
4778,64,M,76,70
4779,52,M,20,20
4780,54,F,27,20
4781,9,F,32,30
4782,25,M,32,30
4783,31,F,20,20
4784,42,F,78,70
4785,42,M,77,70
4786,54,M,60,60
4787,36,M,36,30
4788,39,F,18,10
4789,24,F,58,50
4790,75,M,52,50
4791,51,M,62,60
4792,20,F,41,40
4793,55,F,52,50
4794,20,F,53,50
4795,74,F,73,70
4796,7,M,70,70
4797,59,F,58,50
4798,37,F,36,30
4799,75,F,52,50
4800,75,M,45,40
4801,23,M,20,20
4802,75,M,27,20
4803,45,M,53,50
4804,51,F,68,60
4805,1,F,63,60
4806,19,F,55,50
4807,25,M,50,50
4808,23,F,17,10
4809,19,M,69,60
4810,19,F,63,60
4811,77,F,27,20
4812,1,M,73,70
4813,43,M,30,30
4814,54,M,36,30
4815,15,M,28,20
4816,15,F,24,20
4817,12,M,29,20
4818,1,M,66,60
4819,62,M,34,30
4820,2,F,29,20
4821,35,F,59,50
4822,35,M,53,50
4823,7,M,16,10
4824,54,M,58,50
4826,25,F,21,20
4831,27,M,40,40
4832,56,F,41,40
4833,30,F,27,20
4836,49,M,46,40
4837,56,F,31,30
4853,58,M,60,60
4861,57,F,21,20
4862,1,F,55,50
4863,1,F,24,20
4877,45,M,41,40
4882,36,M,20,20
4886,23,M,19,10
4892,26,M,29,20
4901,72,F,48,40
4904,38,F,37,30
4906,64,F,22,20
4907,64,M,24,20
4915,40,M,35,30
4916,52,M,59,50
4918,11,M,30,30
4919,49,F,47,40
4923,66,M,36,30
4925,45,M,47,40
4927,72,F,43,40
4928,9,M,22,20
4929,74,M,55,50
4930,1,M,17,10
4937,54,F,38,30
4941,60,F,19,10
4942,38,M,39,30
4944,58,M,16,10
4949,54,M,16,10
4956,6,M,52,50
4959,77,M,19,10
4961,54,M,16,10
4968,50,M,60,60
4969,64,F,30,30
4972,70,F,21,20
4974,5,F,36,30
4975,5,M,37,30
4976,36,M,17,10
4979,7,M,61,60
4989,28,M,63,60
4992,55,F,26,20
4993,1,F,25,20
4994,1,M,20,20
5002,65,F,21,20
5010,42,F,48,40
5012,27,F,26,20
5013,1,M,18,10
5016,1,F,52,50
5028,28,M,22,20
5030,1,M,18,10
5046,1,M,61,60
5050,62,M,47,40
5056,67,F,41,40
5067,21,F,23,20
5072,1,F,17,10
5081,1,F,37,30
5093,55,F,49,40
5107,50,F,51,50
5108,50,M,54,50
5111,50,M,39,30
5117,52,M,23,20
5126,43,M,33,30
5127,33,F,23,20
5128,70,M,35,30
5132,51,M,31,30
5133,66,F,39,30
5134,58,F,31,30
5137,5,M,19,10
5138,45,F,24,20
5141,54,F,45,40
5143,77,M,25,20
5144,77,F,32,30
5145,26,F,48,40
5149,15,M,36,30
5152,43,F,23,20
5159,39,M,34,30
5163,43,F,41,40
5164,9,M,27,20
5171,64,F,42,40
5175,63,F,49,40
5180,1,M,55,50
5189,74,F,37,30
5200,33,F,38,30
5201,33,M,44,40
5203,61,F,53,50
5204,47,M,35,30
5212,72,F,52,50
5213,1,M,18,10
5214,47,M,22,20
5215,47,F,25,20
5217,74,F,58,50
5223,2,F,21,20
5224,29,M,49,40
5232,74,F,50,50
5233,66,M,31,30
5236,25,M,20,20
5237,1,M,21,20
5240,74,M,58,50
5241,63,M,20,20
5243,2,M,28,20
5245,38,F,56,50
5246,70,M,16,10
5247,47,M,55,50
5249,5,F,27,20
5253,69,F,52,50
5254,69,M,50,50
5263,1,F,36,30
5273,39,M,39,30
5275,28,M,48,40
5277,44,F,30,30
5281,73,M,57,50
5283,17,M,16,10
5284,51,F,27,20
5287,77,M,27,20
5308,41,F,24,20
5312,71,M,51,50
5313,71,F,51,50
5318,74,M,30,30
5319,74,F,34,30
5320,17,F,47,40
5321,17,M,49,40
5322,73,F,42,40
5323,14,F,22,20
5325,66,F,28,20
5326,66,M,31,30
5333,39,F,31,30
5334,48,M,63,60
5337,1,M,37,30
5338,1,F,32,30
5347,41,M,49,40
5352,40,F,22,20
5353,48,F,31,30
5354,30,F,31,30
5358,54,M,56,50
5362,47,M,59,50
5364,62,M,34,30
5365,62,F,28,20
5366,60,F,27,20
5367,60,M,19,10
5374,63,M,51,50
5376,14,M,28,20
5379,60,M,20,20
5384,73,M,63,60
5385,67,M,25,20
5389,17,M,30,30
5392,16,F,43,40
5393,4,M,43,40
5395,45,M,37,30
5397,72,F,29,20
5398,72,M,31,30
5399,24,F,26,20
5402,30,F,30,30
5404,58,F,22,20
5409,15,M,50,50
5413,33,M,52,50
5420,61,M,63,60
5433,50,M,23,20
5441,18,M,41,40
5445,69,M,46,40
5450,8,M,58,50
5460,63,M,38,30
5461,9,F,30,30
5462,9,M,35,30
5468,68,F,54,50
5469,63,F,19,10
5472,53,M,42,40
5473,70,F,30,30
5478,33,M,53,50
5487,56,F,51,50
5517,57,M,34,30
5521,9,F,25,20
5526,27,M,51,50
5527,27,F,57,50
5530,12,M,45,40
5531,4,M,19,10
5539,74,M,63,60
5563,1,M,23,20
5565,3,F,32,30
5574,9,F,28,20
5579,77,M,47,40
5580,77,F,47,40
5606,4,M,18,10
5617,56,F,41,40
5618,63,F,45,40
5642,70,F,41,40
5684,8,F,43,40
5699,73,M,48,40
5701,2,F,39,30
5704,66,F,23,20
5722,64,F,39,30
5727,54,M,45,40
5736,1,M,45,40
5753,39,M,50,50
5760,66,M,50,50
5761,66,F,57,50
5774,46,F,38,30
5775,46,M,43,40
5788,72,M,36,30
5801,26,F,19,10
5826,15,M,30,30
5827,15,F,23,20
5858,52,M,46,40
5859,52,F,53,50
5860,47,M,34,30
5866,67,F,20,20
5873,5,F,19,10
5911,14,M,63,60
5928,42,F,28,20
5965,50,M,47,40
5977,43,M,19,10
5978,33,F,54,50
6001,60,M,62,60
6015,54,M,25,20
6033,1,M,32,30
6034,20,M,59,50
6039,1,F,40,40
6040,1,M,35,30
6042,53,M,35,30
6052,40,M,49,40
6067,70,F,48,40
6077,54,F,18,10
6112,43,F,40,40
6114,66,F,58,50
6115,13,F,45,40
6122,6,F,30,30
6144,54,F,42,40
6175,72,M,34,30
6178,1,F,58,50
6183,1,M,35,30
6185,58,F,50,50
6186,58,M,46,40
6191,74,M,46,40
6196,68,M,55,50
6235,5,M,58,50
6255,54,F,53,50
6256,54,M,57,50
6257,75,F,56,50
6272,1,M,56,50
6275,13,M,42,40
6299,1,M,62,60
6301,55,F,49,40
6317,77,F,41,40
6318,77,M,48,40
6342,8,M,44,40
6349,72,M,26,20
6359,64,M,22,20
6363,4,F,25,20
6366,49,M,32,30
6367,44,M,28,20
6383,15,M,28,20
6391,34,M,46,40
6408,47,M,42,40
6417,40,M,48,40
6422,28,M,38,30
6452,64,M,56,50
6468,70,M,54,50
6469,4,M,45,40
6473,76,F,58,50
6474,76,M,64,60
6478,3,M,47,40
6481,1,F,40,40
6485,48,F,36,30
6499,44,M,36,30
6501,1,M,28,20
6511,47,M,45,40
6544,66,M,24,20
6545,66,F,20,20
6546,1,F,35,30
6551,24,F,50,50
6552,71,M,43,40
6567,5,F,20,20
6571,72,F,27,20
6604,72,M,50,50
6610,57,M,44,40
6616,1,M,45,40
6619,43,F,55,50
6644,1,F,39,30
6691,43,M,56,50
6698,43,F,46,40
6729,15,M,41,40
6731,13,M,55,50
6749,9,F,55,50
6750,9,M,52,50
6753,15,M,36,30
6764,19,M,54,50
6789,57,M,19,10
6798,61,F,50,50
6803,5,F,18,10
6804,5,M,17,10
6827,59,M,29,20
6829,10,F,35,30
6844,53,F,27,20
6886,66,F,56,50
6892,1,F,47,40
6893,1,M,55,50
6895,42,M,27,20
6906,64,M,49,40
6922,14,F,59,50
6924,17,M,31,30
6936,52,F,39,30
6944,43,M,28,20
6946,74,F,28,20
6967,44,M,45,40
6978,38,M,33,30
6987,1,M,30,30
7010,70,M,31,30
7011,70,F,37,30
7043,77,M,58,50
7065,5,F,27,20
7100,30,F,37,30
7102,75,F,31,30
7112,76,M,37,30
7127,3,M,41,40
7150,45,F,35,30
7166,15,M,34,30
7186,27,F,55,50
7195,50,M,36,30
7234,28,M,33,30
7241,57,F,41,40
7286,47,F,28,20
7291,77,F,58,50
7299,1,M,60,60
7311,56,M,49,40
7324,1,F,35,30
7325,24,M,23,20
7327,49,M,39,30
7339,19,F,24,20
7348,6,F,21,20
7366,29,F,25,20
7390,1,M,61,60
7411,54,F,35,30
7412,54,M,43,40
7422,74,M,40,40
7423,74,F,34,30
7434,34,F,56,50
7435,67,F,41,40
7521,74,F,38,30
7567,5,M,61,60
7576,38,M,36,30
7586,56,F,25,20
7594,64,F,49,40
7614,64,M,21,20
7632,1,M,50,50
7672,26,M,45,40
7678,3,M,36,30
7683,12,M,53,50
7723,48,F,32,30
7724,48,M,30,30
7727,31,F,40,40
7753,70,F,20,20
7765,1,F,40,40
7772,1,F,22,20
7787,34,M,47,40
7796,50,F,23,20
7797,50,M,28,20
7800,16,F,41,40
7814,61,F,22,20
7815,4,F,52,50
7843,6,M,32,30
7855,7,F,34,30
7862,74,M,33,30
7863,72,M,39,30
7864,34,M,63,60
7914,38,F,32,30
7959,1,F,20,20
7970,74,M,31,30
7980,16,M,22,20
8013,43,M,56,50
8030,1,M,31,30
8064,54,F,32,30
8074,61,M,40,40
8076,16,F,48,40
8089,35,M,33,30
8091,5,M,27,20
8096,38,F,19,10
8105,72,M,35,30
8130,62,F,22,20
8200,1,F,54,50
8217,69,M,20,20
8276,43,F,19,10
8287,14,M,62,60
8295,15,F,47,40
8327,48,F,53,50
8333,60,M,33,30
8342,76,M,19,10
8356,3,M,29,20
8359,74,M,19,10
8362,74,F,23,20
8366,41,F,38,30
8392,36,F,32,30
8393,36,M,32,30
8432,38,F,30,30
8433,38,M,37,30
8463,75,M,51,50
8489,75,F,46,40
8502,51,M,55,50
8506,69,F,19,10
8510,55,M,51,50
8548,57,F,53,50
8568,1,F,27,20
8571,54,M,63,60
8598,46,F,41,40
8610,55,F,50,50
8611,55,M,50,50
8615,12,F,59,50
8636,71,F,57,50
8661,1,F,44,40
8666,7,F,27,20
8667,77,F,31,30
8670,5,F,55,50
8677,49,M,43,40
8678,49,F,36,30
8692,71,F,45,40
8726,10,M,45,40
8737,17,F,50,50
8738,17,M,50,50
8764,70,F,58,50
8777,11,F,45,40
9173,1,M,53,50
9174,1,F,58,50
9196,21,F,59,50
9202,68,M,36,30
9217,19,F,58,50
9226,64,F,59,50
9231,29,F,26,20
9236,31,F,42,40
9250,1,M,35,30
9273,39,F,43,40
9274,39,M,40,40
9276,4,M,52,50
9313,9,F,38,30
9316,63,F,40,40
9340,54,M,31,30
9346,43,M,26,20
9362,56,F,25,20
9366,72,M,23,20
9370,59,M,23,20
9403,16,M,24,20
9417,21,M,49,40
9418,1,M,48,40
9419,1,F,48,40
9427,62,F,28,20
9428,62,M,33,30
9433,72,F,53,50
9450,68,F,55,50
9451,68,M,56,50
9456,40,F,57,50
9457,46,M,20,20
9458,46,F,25,20
9505,1,M,40,40
9546,50,F,43,40
9555,13,F,51,50
9569,19,F,48,40
9582,2,F,56,50
9593,74,F,30,30
9606,52,M,49,40
9611,23,M,40,40
9616,74,M,36,30
9641,64,M,53,50
9642,64,F,61,60
9663,19,M,53,50
9664,19,F,54,50
9670,38,M,50,50
9675,60,F,28,20
9680,36,M,21,20
9702,33,F,47,40
9715,35,F,21,20
9717,52,F,46,40
9718,52,M,39,30
9721,34,M,44,40
9755,23,F,47,40
9760,27,M,29,20
9775,70,M,38,30
9776,70,F,37,30
9798,69,F,48,40
9820,59,F,30,30
9833,51,M,34,30
9834,51,F,38,30
9844,55,M,53,50
9845,55,F,55,50
9846,54,F,32,30
9872,9,F,31,30
9880,10,F,28,20
9914,36,M,56,50
9915,27,M,31,30
9929,47,F,31,30
9930,9,M,26,20
9933,74,M,57,50
9945,31,F,30,30
9946,31,M,38,30
9973,24,F,53,50
9987,73,F,48,40
9995,54,M,40,40
9997,67,M,36,30
10023,59,F,25,20
10040,37,F,30,30
10041,37,M,30,30
10043,45,M,33,30
10046,5,F,52,50
10066,64,F,35,30
10070,9,M,24,20
10075,48,M,35,30
10076,26,F,29,20
10077,26,M,25,20
10090,29,F,18,10
10095,1,F,22,20
10096,1,M,20,20
10145,4,F,33,30
10159,50,M,60,60
10198,31,M,22,20
10199,31,F,19,10
10200,13,F,18,10
10201,13,M,13,10
10209,59,M,23,20
10269,70,F,58,50
10273,51,F,40,40
10274,51,M,42,40
10275,77,F,28,20
10276,77,M,22,20
10282,1,M,19,10
10287,48,F,36,30
10288,48,M,39,30
10303,64,M,36,30
10350,29,F,37,30
10351,29,M,40,40
10355,14,F,22,20
10382,20,F,33,30
10389,20,F,55,50
10459,17,F,34,30
10475,51,F,50,50
10476,51,M,48,40
10479,2,F,43,40
10492,70,M,61,60
10510,23,F,53,50
10511,23,M,48,40
10517,54,F,18,10
10528,47,F,46,40
10543,14,F,53,50
10555,1,M,63,60
10563,68,M,49,40
10564,68,F,44,40
10566,74,F,56,50
10636,64,M,27,20
10639,2,M,44,40
10654,46,F,36,30
10662,60,F,49,40
10702,17,M,60,60
10703,17,F,55,50
10714,66,F,52,50
10746,53,M,27,20
10777,70,F,18,10
10778,70,M,22,20
10798,1,F,18,10
10813,1,F,19,10
10818,64,M,26,20
10828,1,F,41,40
10912,15,M,35,30
10960,28,M,56,50
10963,1,M,54,50
10987,62,F,37,30
10988,62,M,34,30
10997,1,F,26,20
10998,1,M,31,30
11004,63,M,51,50
11008,51,F,29,20
11034,1,M,26,20
11050,70,F,41,40
11063,64,F,43,40
11064,64,M,45,40
11083,61,M,45,40
11093,40,M,39,30
11105,70,F,42,40
11114,1,M,46,40
11121,72,F,27,20
11122,72,M,19,10
11123,47,M,50,50
11126,1,F,33,30
11130,1,F,37,30
11131,1,M,41,40
11136,3,F,54,50
11147,5,F,26,20
11149,43,M,33,30
11195,58,M,45,40
11208,10,F,41,40
11250,26,F,52,50
11252,32,F,33,30
11266,9,M,60,60
11267,9,F,62,60
11271,18,M,61,60
11274,64,M,29,20
11275,64,F,35,30
11286,56,F,58,50
11304,28,F,38,30
11314,45,M,62,60
11319,1,F,56,50
11327,72,M,51,50
11329,69,F,37,30
11331,70,F,54,50
11337,29,M,29,20
11359,11,M,26,20
11360,11,F,26,20
11362,51,F,32,30
11371,37,F,57,50
11372,11,M,37,30
11379,74,M,46,40
11380,74,F,47,40
11381,57,F,19,10
11405,68,F,34,30
11406,68,M,28,20
11409,32,F,18,10
11461,70,M,24,20
11491,36,F,40,40
11497,11,F,39,30
11516,59,M,60,60
11517,59,F,58,50
11545,1,F,32,30
11574,1,F,54,50
11596,70,F,58,50
11598,54,F,21,20
11609,59,M,41,40
11637,73,M,47,40
11638,73,F,44,40
11662,76,M,26,20
11676,5,F,55,50
11683,7,M,18,10
11685,64,F,33,30
11686,21,F,50,50
11687,21,M,53,50
11701,9,M,49,40
11709,1,M,37,30
11710,1,F,31,30
11713,59,F,47,40
11714,59,M,53,50
11732,19,F,41,40
11754,62,M,32,30
11755,4,F,53,50
11768,1,F,27,20
11794,31,F,28,20
11795,31,M,21,20
11804,74,M,54,50
11851,65,M,28,20
11855,11,M,41,40
11857,70,M,46,40
11860,70,F,73,70
11866,1,M,61,60
11867,1,F,64,60
11873,38,F,35,30
11874,1,M,29,20
11875,1,F,31,30
11886,61,F,57,50
11906,76,M,54,50
11907,76,F,53,50
11911,8,M,59,50
11943,1,M,37,30
11947,70,M,34,30
11976,54,F,59,50
11977,54,M,55,50
11978,54,M,27,20
11979,54,F,21,20
12003,74,M,22,20
12050,52,M,55,50
12051,52,F,62,60
12079,64,F,26,20
12092,68,M,21,20
12095,47,M,59,50
12102,21,F,30,30
12133,27,F,34,30
12144,2,M,18,10
12145,2,F,16,10
12163,1,M,44,40
12181,1,M,37,30
12220,60,F,27,20
12221,60,M,27,20
12303,24,F,24,20
12308,64,M,20,20
12324,8,M,20,20
12325,8,M,34,30
12328,1,F,54,50
12344,26,F,58,50
12358,17,M,55,50
12359,17,F,63,60
12376,4,M,39,30
12378,76,F,52,50
12382,1,M,43,40
12383,1,F,35,30
12396,62,F,28,20
12397,62,M,25,20
12416,1,M,25,20
12417,1,F,24,20
12432,55,M,33,30
12464,39,M,39,30
12468,22,M,29,20
12485,34,F,33,30
12490,34,M,18,10
12547,70,F,35,30
12561,38,M,32,30
12568,44,F,43,40
12577,62,F,48,40
12586,27,M,51,50
12599,44,M,43,40
12616,27,F,33,30
12625,54,M,40,40
12643,69,F,36,30
12662,14,M,46,40
12695,68,M,19,10
12726,8,F,53,50
12729,36,M,30,30
12730,36,F,34,30
12738,23,F,38,30
12739,23,M,40,40
12750,21,F,58,50
12754,55,M,38,30
12755,55,F,40,40
12756,22,F,49,40
12802,1,M,29,20
12810,39,M,34,30
12840,60,M,59,50
12843,66,M,45,40
12844,45,M,52,50
12850,72,M,43,40
12851,72,F,41,40
12859,1,F,22,20
12890,70,F,40,40
12908,12,M,57,50
12943,55,M,28,20
12986,40,F,25,20
12991,51,M,51,50
13044,52,M,23,20
13051,55,M,33,30
13071,41,M,42,40
13089,16,F,19,10
13090,2,F,18,10
13095,76,M,48,40
13098,1,F,20,20
13102,8,M,49,40
13113,11,M,22,20
13123,56,F,20,20
13134,1,F,36,30
13151,73,M,40,40
13171,19,F,48,40
13172,36,M,60,60
13190,71,M,42,40
13201,31,M,61,60
13231,1,M,40,40
13246,46,F,57,50
13260,72,F,21,20
13261,75,M,55,50
13262,75,F,60,60
13276,76,M,21,20
13285,34,M,63,60
13290,16,M,57,50
13291,16,F,58,50
13346,50,M,42,40
13380,65,M,56,50
13404,48,M,32,30
13405,32,M,40,40
13406,42,F,20,20
13412,1,M,44,40
13417,25,F,47,40
13447,13,F,28,20
13448,13,M,30,30
13451,44,F,43,40
13468,25,M,38,30
13469,25,F,43,40
13480,16,M,46,40
13490,18,F,29,20
13539,63,M,20,20
13548,1,M,22,20
13556,32,M,40,40
13576,72,M,24,20
13588,46,M,24,20
13590,59,M,21,20
13603,46,M,57,50
13608,37,F,35,30
13620,16,M,28,20
13640,28,F,43,40
13657,59,F,35,30
13658,59,M,41,40
13673,39,M,27,20
13687,75,M,39,30
13690,70,M,35,30
13694,1,F,22,20
13750,12,F,18,10
13751,12,M,19,10
13803,1,M,51,50
13820,33,F,50,50
13845,15,M,25,20
13852,5,M,26,20
13886,44,F,44,40
13912,50,M,23,20
13915,77,M,24,20
13921,62,F,28,20
13923,7,F,19,10
13924,54,F,46,40
13931,8,M,57,50
13955,1,F,53,50
13956,1,M,55,50
13968,61,M,30,30
13971,67,F,36,30
13998,74,F,45,40
